Data,Hora UTC,"PRECIPITAÇÃO TOTAL, HORÁRIO (mm)","PRESSAO ATMOSFERICA AO NIVEL DA ESTACAO, HORARIA (mB)",PRESSÃO ATMOSFERICA MAX.NA HORA ANT. (AUT) (mB),PRESSÃO ATMOSFERICA MIN. NA HORA ANT. (AUT) (mB),RADIACAO GLOBAL (Kj/m²),"TEMPERATURA DO AR - BULBO SECO, HORARIA (°C)",TEMPERATURA DO PONTO DE ORVALHO (°C),TEMPERATURA MÁXIMA NA HORA ANT. (AUT) (°C),TEMPERATURA MÍNIMA NA HORA ANT. (AUT) (°C),TEMPERATURA ORVALHO MAX. NA HORA ANT. (AUT) (°C),TEMPERATURA ORVALHO MIN. NA HORA ANT. (AUT) (°C),UMIDADE REL. MAX. NA HORA ANT. (AUT) (%),UMIDADE REL. MIN. NA HORA ANT. (AUT) (%),"UMIDADE RELATIVA DO AR, HORARIA (%)","VENTO, DIREÇÃO HORARIA (gr) (° (gr))","VENTO, RAJADA MAXIMA (m/s)","VENTO, VELOCIDADE HORARIA (m/s)",Unnamed: 19
2026/01/01,0000 UTC,0,"924,7","924,7","924,3",,"25,1","16,2","25,4","24,9","17,2","16,1",61.0,58.0,58.0,306.0,7,"2,6",
2026/01/01,0100 UTC,0,"925,1","925,2","924,7",,"24,4","15,9","25,1","24,4","16,2","15,8",59.0,58.0,59.0,247.0,5,"1,2",
2026/01/01,0200 UTC,0,"925,1","925,3","925,1",,"24,6","16,1","24,6","24,1","16,3","15,9",61.0,59.0,59.0,311.0,"2,5",",5",
2026/01/01,0300 UTC,0,"924,3","925,1","924,2",,"24,7","16,6","24,8","24,1","16,7","16,1",62.0,59.0,60.0,35.0,2,",2",
2026/01/01,0400 UTC,0,"924,1","924,6","924,1",,"24,4","17,1","24,8","24,3","17,1","16,2",64.0,59.0,64.0,347.0,"4,2","1,8",
2026/01/01,0500 UTC,0,"923,4","924,1","923,4",,"23,7","17,4","24,4","23,7","17,4",17,68.0,63.0,68.0,349.0,"5,7","3,2",
2026/01/01,0600 UTC,0,"923,1","923,4","923,1",,"23,4","17,8","23,8","23,4","17,8","17,3",71.0,67.0,71.0,332.0,"5,9","2,8",
2026/01/01,0700 UTC,0,923,"923,2",923,,"22,4","18,8","23,4","22,3","18,8","17,8",80.0,71.0,80.0,326.0,"9,3","3,6",
2026/01/01,0800 UTC,0,"922,8","923,1","922,8",,"22,4","18,1","22,5","22,3","18,9","18,1",80.0,76.0,77.0,345.0,"9,5",3,
2026/01/01,0900 UTC,0,923,"923,1","922,8","31,6","22,4","17,7","22,7","22,4","18,1","17,7",77.0,74.0,75.0,22.0,"8,2","2,4",
2026/01/01,1000 UTC,0,"923,2","923,2",923,"422,6",23,"18,4",23,"22,4","18,4","17,8",77.0,75.0,75.0,354.0,"5,7","2,1",
2026/01/01,1100 UTC,0,"923,5","923,5","923,1","741,7","23,5","18,4","23,6",23,"18,7","18,2",75.0,73.0,73.0,15.0,"6,9","2,6",
2026/01/01,1200 UTC,0,"923,8","923,8","923,5","1036,8","25,1","17,9","25,1","23,4","18,6","17,7",74.0,64.0,64.0,351.0,"6,4","2,3",
2026/01/01,1300 UTC,0,"923,7","923,9","923,7","1645,4",26,"18,2","26,1","24,7","18,5","17,5",66.0,62.0,62.0,332.0,"8,6","3,7",
2026/01/01,1400 UTC,0,"923,6","923,7","923,5","2521,6","27,3",18,"27,3","25,7","18,4","17,3",63.0,56.0,57.0,354.0,"8,5","3,9",
2026/01/01,1500 UTC,0,923,"923,6",923,"2708,2","27,3","17,3","28,3","26,9","18,1","16,9",57.0,53.0,55.0,348.0,"9,5","4,4",
2026/01/01,1600 UTC,0,"922,4",923,"922,4",2814,"27,6","17,4","28,3","27,2","17,7","16,6",55.0,51.0,54.0,359.0,"8,5","3,8",
2026/01/01,1700 UTC,0,"921,3","922,4","921,3","3342,4","29,4",17,"29,5","27,6","17,7","16,4",54.0,47.0,47.0,348.0,"10,6","3,4",
2026/01/01,1800 UTC,0,"920,4","921,3","920,4","2066,2","29,1",17,30,"28,9","18,3","16,6",51.0,46.0,48.0,344.0,"10,3","3,4",
2026/01/01,1900 UTC,0,"919,3","920,4","919,3","1635,2","29,6","16,4","30,3",29,"17,6","16,3",49.0,44.0,45.0,325.0,"8,3","4,1",
2026/01/01,2000 UTC,0,"919,3","919,3","919,1","1248,1","29,2","16,1",31,"29,2","16,8","15,6",46.0,41.0,45.0,326.0,"10,6","4,3",
2026/01/01,2100 UTC,0,"919,4","919,6","919,1","696,4","29,5","16,7",30,"29,2","16,9","16,1",48.0,44.0,46.0,353.0,"9,9",4,
2026/01/01,2200 UTC,0,"919,6","919,7","919,4","102,2","28,5","16,9","29,5","28,5","16,9","16,2",50.0,46.0,50.0,354.0,"6,7","2,7",
2026/01/01,2300 UTC,0,"920,6","920,7","919,6",,"27,1","17,7","28,5","27,1","17,7","16,9",56.0,49.0,56.0,327.0,"6,4","2,1",
2026/01/02,0000 UTC,"1,2",921,"921,3","920,6",,23,"19,4","27,1","22,5","19,5","17,6",81.0,56.0,80.0,339.0,"8,5","1,6",
2026/01/02,0100 UTC,0,"921,9","921,9",921,,"23,7","19,2","23,7","22,6","19,6","19,2",82.0,76.0,76.0,354.0,"3,3","1,5",
2026/01/02,0200 UTC,0,"922,1","922,2","921,6",,"23,7","18,8","24,2","23,7","19,5","18,8",77.0,73.0,74.0,349.0,"11,4","4,8",
2026/01/02,0300 UTC,"1,8","921,4","922,1","921,4",,"21,6","18,6","23,8","21,5","18,8","18,1",83.0,72.0,83.0,356.0,"11,4","3,8",
2026/01/02,0400 UTC,0,"920,5","921,4","920,5",,"21,8","18,9","22,2","21,6","19,1","18,6",84.0,82.0,84.0,353.0,"9,3","4,1",
2026/01/02,0500 UTC,0,920,"920,5",920,,22,"18,4","22,2","21,8","18,9","18,4",84.0,80.0,80.0,348.0,"10,5","4,9",
2026/01/02,0600 UTC,0,"919,5",920,"919,4",,"21,6","18,3",22,"21,6","18,5","18,3",82.0,80.0,81.0,1.0,"10,5",3,
2026/01/02,0700 UTC,0,"919,2","919,5","919,2",,"21,4","18,5","21,6","21,3","18,5","18,3",83.0,81.0,83.0,22.0,"8,6","1,9",
2026/01/02,0800 UTC,0,"919,6","919,7","919,2",,"21,2","18,6","21,5","21,1","18,6","18,4",85.0,83.0,85.0,10.0,"8,1","2,7",
2026/01/02,0900 UTC,0,"919,8","919,9","919,6","20,9","21,3","18,4","21,3","21,2","18,6","18,4",85.0,84.0,84.0,5.0,"6,3","1,9",
2026/01/02,1000 UTC,0,"920,4","920,5","919,8","343,3","21,9","18,5","21,9","21,3","18,6","18,2",84.0,81.0,81.0,12.0,"7,1","3,1",
2026/01/02,1100 UTC,0,"920,7","920,7","920,4",989,"22,8","18,3","23,3","21,9","18,8","18,2",81.0,75.0,76.0,349.0,"8,4","4,3",
2026/01/02,1200 UTC,0,"920,8","920,8","920,5","1168,1","23,4",18,"23,6","22,7","18,6",18,77.0,71.0,72.0,357.0,"8,4","4,1",
2026/01/02,1300 UTC,",2",921,921,"920,8","1265,5",24,"18,7",24,23,19,"17,7",76.0,69.0,72.0,326.0,"9,5",3,
2026/01/02,1400 UTC,0,"920,7","920,9","920,7",1945,"24,9",18,"25,1","23,9","18,5","17,7",72.0,65.0,65.0,345.0,"10,8","4,9",
2026/01/02,1500 UTC,0,"920,1","920,8","920,1","1655,8","25,2","18,3","25,3","24,5","18,6","17,8",68.0,65.0,66.0,339.0,"10,1","3,9",
2026/01/02,1600 UTC,0,"919,2","920,1","919,1","2563,3","27,4","18,4","27,4","25,2",19,"17,8",66.0,58.0,58.0,336.0,"10,7","4,6",
2026/01/02,1700 UTC,0,"918,2","919,2","918,2","2220,2","27,2","17,6","28,3","26,5","18,9","17,5",61.0,54.0,56.0,337.0,"9,8","3,8",
2026/01/02,1800 UTC,0,"917,5","918,2","917,5","1254,6","26,2","18,8","27,9","26,2","18,8","17,6",64.0,55.0,64.0,340.0,"10,2","4,2",
2026/01/02,1900 UTC,0,"917,4","917,6","917,1",1169,26,"19,1","27,5","25,6","19,5","18,5",66.0,61.0,66.0,360.0,"8,6",4,
2026/01/02,2000 UTC,0,"917,1","917,5","916,9","783,1","25,5","18,9","26,1","25,4","19,5","18,9",68.0,66.0,67.0,355.0,"9,7","4,3",
2026/01/02,2100 UTC,0,"917,4","917,8","917,1","358,3","24,8","18,7","25,5","24,6","18,8","16,9",69.0,60.0,69.0,338.0,"9,7","3,1",
2026/01/02,2200 UTC,0,"918,5","918,5","917,4","64,6","24,5","19,4",25,"24,5","19,5","18,7",73.0,69.0,73.0,23.0,"6,6","2,7",
2026/01/02,2300 UTC,0,"918,4","918,6","918,4",,"23,7","18,5","24,5","23,7","19,6","18,5",75.0,72.0,73.0,353.0,"5,4","2,2",
2026/01/03,0000 UTC,0,"919,1","919,1","918,4",,"23,4","18,1","23,7","23,4","18,6","18,1",73.0,71.0,72.0,1.0,"5,1","2,9",
2026/01/03,0100 UTC,0,"919,6","919,6","919,1",,"23,1","18,5","23,4","22,9","18,5","18,1",76.0,72.0,75.0,308.0,6,"1,6",
2026/01/03,0200 UTC,0,"919,5","919,6","919,4",,"22,9","18,3","23,2","22,9","18,5","18,1",75.0,73.0,75.0,357.0,"5,3","2,1",
2026/01/03,0300 UTC,0,"919,8",920,"919,5",,"22,8","18,4",23,"22,8","18,5","18,3",76.0,75.0,76.0,289.0,"4,5","1,8",
2026/01/03,0400 UTC,0,"918,9","919,8","918,8",,"22,6","18,8","22,9","22,6","18,8","18,4",79.0,76.0,79.0,326.0,"3,6",",2",
2026/01/03,0500 UTC,0,"918,5",919,"918,5",,"22,3","18,8","22,6","22,3","18,9","18,7",81.0,79.0,80.0,29.0,"3,8",1,
2026/01/03,0600 UTC,0,"918,9",919,"918,5",,"21,9","18,6","22,3","21,9","18,8","18,5",82.0,80.0,81.0,360.0,"4,7","2,5",
2026/01/03,0700 UTC,0,919,919,"918,9",,"21,6","17,9","21,9","21,6","18,6","17,9",82.0,79.0,79.0,358.0,"5,7","2,8",
2026/01/03,0800 UTC,0,"919,1","919,2","918,9",,"21,4","18,1","21,6","21,4","18,1","17,7",82.0,79.0,82.0,342.0,"5,4","2,4",
2026/01/03,0900 UTC,0,"919,5","919,5","919,1","28,3","21,4","18,3","21,4","21,2","18,4","18,1",83.0,82.0,82.0,341.0,"5,4","1,5",
2026/01/03,1000 UTC,0,"920,1","920,1","919,5","325,9","22,1","18,1","22,2","21,4","18,3","18,1",82.0,78.0,78.0,356.0,"4,9","2,8",
2026/01/03,1100 UTC,0,"920,3","920,4","920,1","402,7","22,9","18,3",23,"22,1","18,6",18,79.0,75.0,75.0,351.0,"6,1","2,1",
2026/01/03,1200 UTC,0,"920,6","920,7","920,3","1235,5","24,6","18,5","24,6","22,8","18,8","18,1",75.0,69.0,69.0,356.0,"6,6","2,6",
2026/01/03,1300 UTC,0,"920,3","920,6","920,2",2447,"25,5","18,3","25,8","24,2","18,8","17,9",70.0,62.0,64.0,328.0,"9,2","4,6",
2026/01/03,1400 UTC,0,"920,3","920,4","920,2","2820,5","26,9","18,5",27,"25,6","18,8","17,6",65.0,60.0,60.0,336.0,9,4,
2026/01/03,1500 UTC,0,"920,2","920,3","920,2","2807,1","27,2",18,"27,7","26,4","18,8","17,7",61.0,55.0,57.0,355.0,"7,9","3,5",
2026/01/03,1600 UTC,0,"919,8","920,2","919,8","2311,4","27,6","17,7","28,1","26,8","18,2","16,8",58.0,51.0,55.0,351.0,"9,3",4,
2026/01/03,1700 UTC,0,"919,4","919,9","919,4","2540,8","28,9","16,7","29,7","27,6","18,3","16,1",55.0,46.0,48.0,327.0,"8,2","3,2",
2026/01/03,1800 UTC,0,"919,1","919,4",919,"2003,9","29,1","16,4","29,7","28,4","17,4","15,6",50.0,45.0,46.0,324.0,"8,7","3,1",
2026/01/03,1900 UTC,0,"918,4","919,1","918,4","1628,7","29,2","16,5","30,4","28,6","17,3","15,4",49.0,42.0,46.0,307.0,"8,5","2,5",
2026/01/03,2000 UTC,0,"917,9","918,4","917,9","1247,4","29,1","15,7","30,2","28,8","17,3",15,48.0,42.0,44.0,294.0,9,"2,6",
2026/01/03,2100 UTC,0,"917,9","917,9","917,6","787,2","28,8","15,1","30,1","28,8","16,1","15,1",45.0,41.0,43.0,292.0,"6,6","3,4",
2026/01/03,2200 UTC,0,919,919,"917,9","157,7","27,4","18,6","28,8","27,4","18,6","14,9",59.0,43.0,59.0,214.0,"7,3","2,2",
2026/01/03,2300 UTC,0,"920,1","920,1",919,,"25,5","17,8","27,4","25,5",19,"17,6",63.0,59.0,63.0,85.0,8,"2,3",
2026/01/04,0000 UTC,0,"920,5","920,6","920,1",,"24,7",18,"25,5","24,6",18,"17,7",66.0,62.0,66.0,82.0,"5,4","1,2",
2026/01/04,0100 UTC,0,"920,6","920,8","920,5",,"23,7","18,1","24,7","23,7","18,2","17,9",71.0,66.0,71.0,84.0,"3,1",",7",
2026/01/04,0200 UTC,0,"921,4","921,4","920,6",,"23,5","18,4",24,"23,5","18,6","18,1",73.0,71.0,73.0,192.0,"3,2",",4",
2026/01/04,0300 UTC,0,"921,9","921,9","921,4",,"23,9","18,1",24,"23,5","18,6","18,1",73.0,70.0,70.0,193.0,"5,5",",7",
2026/01/04,0400 UTC,0,922,922,"921,7",,"23,1",18,24,"23,1","18,1","17,3",73.0,67.0,73.0,217.0,7,"3,4",
2026/01/04,0500 UTC,0,"921,2",922,"921,2",,"22,1","17,7","23,1","22,1",18,"17,5",76.0,73.0,76.0,204.0,"7,4","1,3",
2026/01/04,0600 UTC,0,"920,9","921,2","920,9",,"22,1","17,6","22,3",22,"17,8","17,4",76.0,74.0,75.0,211.0,"3,9","1,6",
2026/01/04,0700 UTC,0,"921,3","921,3","920,9",,22,"17,6","22,2",22,"17,8","17,6",77.0,75.0,76.0,210.0,"3,6","1,7",
2026/01/04,0800 UTC,0,"921,9","921,9","921,2",,"21,7","17,5",22,"21,6","17,8","17,4",78.0,76.0,77.0,208.0,"4,6","1,7",
2026/01/04,0900 UTC,0,"922,3","922,3","921,7","29,2","21,4","16,8","21,7","21,3","17,5","16,7",77.0,74.0,75.0,229.0,"4,6","2,3",
2026/01/04,1000 UTC,0,"923,1","923,1","922,3","222,6","22,1","17,7","22,1","21,4","17,7","16,8",77.0,75.0,76.0,194.0,"4,7","1,7",
2026/01/04,1100 UTC,0,"923,5","923,5","923,1","389,1","22,2","17,1","22,2","21,8","17,8",17,76.0,73.0,73.0,187.0,"5,2","2,3",
2026/01/04,1200 UTC,0,"924,2","924,2","923,5","562,1","21,3","16,9","22,2","21,3","17,2","16,8",76.0,73.0,76.0,213.0,8,"3,7",
2026/01/04,1300 UTC,0,"924,5","924,5","924,2","653,6","22,3","16,6","22,6","21,3","17,5","16,6",77.0,70.0,70.0,206.0,8,"2,6",
2026/01/04,1400 UTC,0,"924,7","924,7","924,5","1492,3","23,2","16,7","24,3","22,3","17,4","16,4",71.0,63.0,67.0,187.0,"6,4","2,3",
2026/01/04,1500 UTC,0,"924,5","924,7","924,5",2239,"24,7","16,2","24,7","22,7","17,4",16,68.0,59.0,59.0,180.0,"7,3","2,8",
2026/01/04,1600 UTC,0,"924,3","924,6","924,2","3423,4","25,1","15,9","25,6",24,"17,3","15,5",62.0,56.0,57.0,196.0,"7,3","2,6",
2026/01/04,1700 UTC,0,"924,4","924,4","924,2","1191,8","22,7","15,9","25,1","22,5","16,2","15,5",66.0,57.0,66.0,210.0,"10,8","4,3",
2026/01/04,1800 UTC,0,"923,7","924,4","923,7","2723,2","26,1","16,7","26,1","22,7","16,7","15,3",66.0,56.0,56.0,201.0,"9,4","2,2",
2026/01/04,1900 UTC,0,"923,6","923,8","923,5","1099,6","22,3","15,6","26,1","21,9","16,3","15,2",67.0,53.0,66.0,203.0,"8,5","3,2",
2026/01/04,2000 UTC,0,"923,7","923,8","923,5","647,3","21,5","15,2","22,6","21,3","15,8","15,1",70.0,64.0,68.0,183.0,8,"2,7",
2026/01/04,2100 UTC,0,"924,4","924,4","923,7","275,1","20,5","14,8","21,7","20,3","15,6","14,5",70.0,67.0,70.0,194.0,"8,4","2,3",
2026/01/04,2200 UTC,0,"925,1","925,1","924,4","98,5","19,5","14,6","20,5","19,4","14,8","14,5",74.0,70.0,74.0,181.0,"8,8","1,9",
2026/01/04,2300 UTC,0,"925,8","925,8","925,2",,"19,2","14,5","19,6","19,2","14,9","14,5",75.0,73.0,74.0,163.0,"7,3","2,5",
2026/01/05,0000 UTC,0,"926,4","926,4","925,8",,"19,1","14,7","19,3","19,1","14,9","14,6",76.0,74.0,75.0,165.0,"6,8","2,8",
2026/01/05,0100 UTC,0,"926,8","926,8","926,4",,"19,1","14,8","19,4","19,1","14,9","14,6",76.0,75.0,76.0,162.0,"7,4","2,2",
2026/01/05,0200 UTC,0,"926,9","927,1","926,8",,"18,1","15,5","19,2","18,1","15,6","14,7",85.0,76.0,85.0,177.0,"8,1","2,3",
2026/01/05,0300 UTC,0,"926,5","926,9","926,5",,18,"15,4","18,1","17,8","15,7","15,2",86.0,85.0,85.0,168.0,"6,8","2,1",
2026/01/05,0400 UTC,0,"926,3","926,6","926,3",,"18,4","14,9","18,5",18,"15,4","14,7",85.0,79.0,80.0,173.0,"6,4","2,2",
2026/01/05,0500 UTC,0,926,"926,3",926,,"18,4","14,8","18,5","18,3",15,"14,7",80.0,79.0,79.0,170.0,"6,5",2,
2026/01/05,0600 UTC,0,"925,7",926,"925,7",,"18,3","14,7","18,5","18,3","14,9","14,6",80.0,79.0,80.0,153.0,"6,8","2,6",
2026/01/05,0700 UTC,0,"925,8","925,9","925,7",,"18,2","14,4","18,4","18,2","14,9","14,3",80.0,78.0,79.0,163.0,"8,3","2,2",
2026/01/05,0800 UTC,0,"926,1","926,1","925,8",,"18,2","14,5","18,3","18,1","14,6","14,4",79.0,78.0,79.0,164.0,"6,5","1,9",
2026/01/05,0900 UTC,0,"926,5","926,5","926,1","9,5","17,9","14,8","18,3","17,9","14,9","14,5",82.0,79.0,82.0,187.0,"6,6",2,
2026/01/05,1000 UTC,",2","927,2","927,2","926,5","120,5","17,7","15,6","17,9","17,2","15,8","14,8",89.0,82.0,87.0,168.0,"6,6","1,8",
2026/01/05,1100 UTC,0,"927,5","927,6","927,2","429,8","18,7","14,5","18,7","17,7","15,6","14,5",87.0,76.0,76.0,178.0,"6,6","2,2",
2026/01/05,1200 UTC,0,"927,8","927,8","927,5","804,9","19,9","14,6","19,9","18,7","14,9","13,8",77.0,70.0,72.0,152.0,"7,1",3,
2026/01/05,1300 UTC,0,"927,9",928,"927,8","1566,5","21,2","14,3","21,5","19,9","14,9","13,8",72.0,64.0,65.0,152.0,"6,4","2,7",
2026/01/05,1400 UTC,0,"927,6","927,9","927,6","2298,1","22,6","14,9",23,"21,2","15,2","13,8",67.0,59.0,62.0,149.0,"8,4","3,4",
2026/01/05,1500 UTC,0,"927,6","927,6","927,4",911,"20,6","14,7","23,4","20,5","15,1","13,8",69.0,57.0,69.0,191.0,"8,4","2,8",
2026/01/05,1600 UTC,0,"927,4","927,6","927,4",604,"20,9",15,"20,9",20,"15,1","14,4",72.0,68.0,69.0,181.0,"7,4","1,8",
2026/01/05,1700 UTC,0,"926,9","927,4","926,9","603,6","20,7","14,5","21,4","20,3",15,"14,2",70.0,65.0,68.0,192.0,"7,5","2,8",
2026/01/05,1800 UTC,0,"926,6","926,9","926,6","697,2","20,8","14,5","21,1","20,3","14,9","14,4",70.0,67.0,67.0,189.0,"8,1","3,3",
2026/01/05,1900 UTC,0,"926,8","926,8","926,6","766,4","20,1","15,3","21,5","19,5","15,4","14,4",75.0,66.0,74.0,188.0,"8,9",2,
2026/01/05,2000 UTC,0,"926,6","926,9","926,5","405,3",20,15,"20,5","19,4","15,5","14,5",75.0,72.0,73.0,192.0,"7,3","2,6",
2026/01/05,2100 UTC,0,"926,8","926,8","926,5","309,5","19,2","14,2","20,3","19,2","15,1","14,1",73.0,70.0,73.0,193.0,"8,1",3,
2026/01/05,2200 UTC,0,"927,5","927,5","926,8","40,4",19,"13,9","19,3","18,8","14,4","13,7",74.0,71.0,72.0,168.0,"8,4","2,3",
2026/01/05,2300 UTC,0,"927,9","927,9","927,5",,"18,3","14,8",19,"18,1","14,9","13,8",81.0,72.0,80.0,165.0,"8,4","1,9",
2026/01/06,0000 UTC,0,"928,2","928,3","927,9",,"18,5","14,5","18,5","18,3","14,8","14,5",80.0,77.0,77.0,167.0,"8,8","2,8",
2026/01/06,0100 UTC,0,"928,8","928,8","928,2",,"18,4","14,2","18,6","18,4","14,4",14,77.0,75.0,77.0,156.0,"8,5","3,8",
2026/01/06,0200 UTC,0,"928,7","928,9","928,7",,"18,1","14,5","18,4",18,"14,5","14,2",80.0,77.0,79.0,155.0,"8,8","3,1",
2026/01/06,0300 UTC,0,"928,2","928,7","928,2",,"17,6","14,6","18,2","17,4","14,8","14,3",84.0,79.0,82.0,153.0,"7,8",4,
2026/01/06,0400 UTC,0,"927,7","928,2","927,7",,"17,7","14,6","17,7","17,5","14,6","14,4",82.0,82.0,82.0,152.0,"7,7","2,8",
2026/01/06,0500 UTC,0,"927,4","927,7","927,4",,18,"14,2",18,"17,7","14,6","14,2",82.0,79.0,79.0,141.0,"7,3","2,8",
2026/01/06,0600 UTC,0,"927,3","927,4","927,1",,"17,9",14,"18,1","17,9","14,2","13,8",79.0,77.0,78.0,149.0,"6,1","2,6",
2026/01/06,0700 UTC,0,"927,2","927,3","927,1",,"17,9",14,18,"17,8","14,1","13,9",78.0,78.0,78.0,138.0,"6,7","2,4",
2026/01/06,0800 UTC,0,"927,3","927,3","927,1",,"17,9","13,8","17,9","17,8","14,2","13,8",79.0,77.0,77.0,138.0,"6,3","2,3",
2026/01/06,0900 UTC,0,"927,6","927,6","927,2","23,5","17,6","13,9","17,9","17,5","13,9","13,7",79.0,77.0,79.0,136.0,"6,9","2,8",
2026/01/06,1000 UTC,0,"927,9","927,9","927,6",294,"18,3","14,4","18,3","17,5","14,4","13,9",80.0,78.0,78.0,138.0,"6,9","2,9",
2026/01/06,1100 UTC,0,"928,3","928,3","927,8","774,2","19,4",14,"19,6","18,1","14,5","13,8",78.0,71.0,71.0,136.0,"8,3","3,2",
2026/01/06,1200 UTC,0,"928,8","928,8","928,3","913,8","20,2",14,"20,8",19,"14,8","13,6",72.0,66.0,68.0,116.0,"8,3","2,6",
2026/01/06,1300 UTC,0,"928,5","928,8","928,5","2599,5","22,1","13,7","23,1","19,9","14,5","13,1",68.0,56.0,59.0,108.0,"8,9","3,3",
2026/01/06,1400 UTC,0,"928,1","928,6","928,1","2895,4","24,2","14,2","24,2","21,8","14,5","12,9",61.0,53.0,54.0,121.0,"7,8","2,8",
2026/01/06,1500 UTC,0,"927,6","928,2","927,6","2614,5","24,6","14,3","24,9",23,"14,5","12,9",56.0,49.0,53.0,121.0,8,"2,9",
2026/01/06,1600 UTC,0,"927,2","927,6","927,2","3330,8",26,"13,9","26,7","24,6","14,7",13,54.0,45.0,47.0,97.0,"8,1","2,5",
2026/01/06,1700 UTC,0,"926,6","927,2","926,6","2278,3","27,1","14,8","27,1","25,4","15,2","13,1",50.0,45.0,47.0,112.0,"6,4","2,3",
2026/01/06,1800 UTC,0,"925,9","926,6","925,8","2471,3","27,1",14,28,"26,2","15,1","13,1",47.0,42.0,44.0,123.0,"5,7","1,9",
2026/01/06,1900 UTC,0,"925,3","925,9","925,3",1514,"26,4","13,9","27,9","26,4","14,7","13,1",47.0,41.0,46.0,114.0,"5,8","1,4",
2026/01/06,2000 UTC,0,"925,2","925,3",925,"1633,8","27,3","16,1","28,2","26,2","16,5","13,4",52.0,44.0,51.0,192.0,"7,4","2,3",
2026/01/06,2100 UTC,0,"925,6","925,7","925,2","616,6","24,1","16,3","27,3","23,8","16,6","15,6",62.0,50.0,62.0,216.0,"7,5",3,
2026/01/06,2200 UTC,0,"926,7","926,7","925,6","217,2","21,7",16,"24,1","21,7","16,2","15,8",70.0,61.0,70.0,219.0,"8,4","2,4",
2026/01/06,2300 UTC,0,"927,2","927,3","926,7",0,"20,9","15,8","21,7","20,9","16,1","15,7",73.0,70.0,73.0,214.0,"5,6","2,6",
2026/01/07,0000 UTC,0,928,928,"927,2",,"20,8",16,"20,9","20,6",16,"15,7",74.0,73.0,74.0,199.0,"5,3",2,
2026/01/07,0100 UTC,0,"928,3","928,4","927,9",,"20,7","16,1","20,9","20,5","16,2","15,8",75.0,73.0,75.0,177.0,"4,6","1,2",
2026/01/07,0200 UTC,0,"928,2","928,4","928,1",,21,"16,3","21,1","20,7","16,4","16,1",75.0,74.0,74.0,153.0,"4,2","1,9",
2026/01/07,0300 UTC,0,928,"928,2",928,,"20,8","16,1","21,1","20,8","16,4","16,1",75.0,74.0,74.0,134.0,"5,3","2,2",
2026/01/07,0400 UTC,0,"927,3",928,"927,3",,"20,6","15,5","20,9","20,6","16,2","15,5",75.0,72.0,72.0,118.0,"5,3","2,4",
2026/01/07,0500 UTC,0,"926,9","927,3","926,9",,"19,7","15,5","20,6","19,7","15,5","15,2",77.0,72.0,76.0,121.0,6,"1,7",
2026/01/07,0600 UTC,0,"926,7","926,9","926,6",,"19,4","15,7","19,7","19,4","15,7","15,5",79.0,76.0,79.0,121.0,"5,7","1,9",
2026/01/07,0700 UTC,0,"926,9","926,9","926,6",,"19,1","15,4","19,4","19,1","15,7","15,4",79.0,79.0,79.0,119.0,"4,1","1,3",
2026/01/07,0800 UTC,0,"927,1","927,1","926,7",,"18,8","14,9","19,2","18,8","15,4","14,9",79.0,77.0,78.0,111.0,"5,3",2,
2026/01/07,0900 UTC,0,"927,5","927,6",927,32,"18,7","15,2","18,8","18,6","15,2","14,9",80.0,78.0,80.0,119.0,"4,7","1,3",
2026/01/07,1000 UTC,0,"928,2","928,2","927,5","432,5","20,1","15,5","20,1","18,7","15,7","15,2",80.0,75.0,75.0,118.0,"3,6",",9",
2026/01/07,1100 UTC,0,"928,4","928,4","928,1","1070,6","22,2","15,9","22,2","20,1","16,4","15,2",75.0,66.0,68.0,115.0,"3,5","1,2",
2026/01/07,1200 UTC,0,"928,4","928,6","928,4","1903,7","23,9","15,9",24,"22,2","16,1","15,3",68.0,60.0,61.0,114.0,"4,5","1,6",
2026/01/07,1300 UTC,0,"928,1","928,4","928,1",2114,"25,7","16,4","25,7","23,7","16,8","15,3",62.0,55.0,57.0,7.0,"4,7","1,9",
2026/01/07,1400 UTC,0,928,"928,2",928,"2578,9","25,9","15,4","26,9","25,2","16,3","15,1",57.0,50.0,53.0,26.0,6,"1,7",
2026/01/07,1500 UTC,0,"927,5","928,1","927,5",2728,"28,2","15,5","28,2","25,7","16,2","14,4",54.0,44.0,46.0,63.0,"6,2","2,6",
2026/01/07,1600 UTC,0,"926,8","927,5","926,8","2732,6","28,6","15,5","28,9","27,1","16,1","13,9",50.0,42.0,45.0,305.0,"5,7","2,6",
2026/01/07,1700 UTC,0,"926,3","926,8","926,3","3061,2","28,7","15,4","29,2",28,"16,2","14,2",46.0,42.0,44.0,7.0,"9,6","3,9",
2026/01/07,1800 UTC,0,"925,6","926,3","925,6","2085,6","28,4","15,3","29,1","27,6","16,3","14,8",48.0,43.0,45.0,41.0,"9,6","3,4",
2026/01/07,1900 UTC,0,"925,2","925,7","924,9","1362,8","27,1","16,1","29,2","27,1","16,1","14,3",51.0,42.0,51.0,138.0,"7,3","1,9",
2026/01/07,2000 UTC,"22,2","925,3","925,5","924,9",68,"18,2","16,7","27,1","17,5","18,9","15,6",91.0,51.0,91.0,213.0,"16,7","6,2",
2026/01/07,2100 UTC,"18,8","926,3","926,3","925,3","65,4",19,"17,3","19,6","18,1","18,1","16,3",92.0,89.0,90.0,214.0,"15,7","1,5",
2026/01/07,2200 UTC,",8","926,6","926,8","926,2","32,1","19,6","17,7","19,8","18,7","17,9","17,1",91.0,88.0,89.0,149.0,4,",1",
2026/01/07,2300 UTC,0,"927,1","927,4","926,5",,"20,9","19,2",21,"19,5","19,2","17,7",90.0,89.0,90.0,211.0,4,",9",
2026/01/08,0000 UTC,0,"927,4","927,4","927,1",,"20,9","19,2","20,9","20,6","19,2","18,8",90.0,89.0,90.0,54.0,"2,3",",2",
2026/01/08,0100 UTC,0,"928,2","928,2","927,2",,"20,7","18,8","21,1","20,6","19,3","18,3",90.0,87.0,89.0,254.0,"2,5","1,1",
2026/01/08,0200 UTC,0,"928,4","928,4","928,2",,"20,5","18,6","20,9","20,4",19,"18,6",90.0,89.0,89.0,354.0,"1,7",0,
2026/01/08,0300 UTC,0,"928,3","928,4","928,2",,"20,6","17,7","20,7","20,1","18,7","17,7",89.0,83.0,83.0,345.0,"1,5",",9",
2026/01/08,0400 UTC,,,,,,,,,,,,,,,,,,
2026/01/08,0500 UTC,0,"927,2","927,7","927,1",,"20,1","16,5","20,5","20,1","17,6","16,4",85.0,78.0,80.0,107.0,"2,9",",7",
2026/01/08,0600 UTC,0,"926,9","927,2","926,7",,20,"16,5","20,4",20,"16,9","16,4",81.0,79.0,80.0,160.0,"3,1","1,2",
2026/01/08,0700 UTC,0,"927,4","927,5","926,9",,"20,4","16,7","21,1",20,"16,8","16,4",81.0,76.0,79.0,286.0,"2,8","1,1",
2026/01/08,0800 UTC,0,"927,2","927,4","927,2",,"20,6","16,4","21,1","20,4","16,7","16,3",79.0,75.0,77.0,29.0,3,",9",
2026/01/08,0900 UTC,0,"927,5","927,5","927,1","17,5","20,5","16,4","20,6","19,9","16,6","16,2",80.0,77.0,77.0,11.0,"1,5",0,
2026/01/08,1000 UTC,0,"927,8","927,8","927,4","537,2","22,4","16,2","22,4","20,5","16,9","16,1",78.0,68.0,68.0,355.0,5,"1,3",
2026/01/08,1100 UTC,0,"927,9","928,1","927,8","1452,3",24,"15,7","24,4","22,4","16,8","15,7",68.0,60.0,60.0,343.0,4,2,
2026/01/08,1200 UTC,0,"927,8",928,"927,7","2313,6","25,6","15,7","25,9",24,"16,3","15,5",61.0,54.0,54.0,16.0,"6,6","2,7",
2026/01/08,1300 UTC,0,"927,9",928,"927,8","3044,2","26,7","15,4","27,4","25,5","16,8","15,2",55.0,49.0,50.0,9.0,7,3,
2026/01/08,1400 UTC,0,"927,7","927,9","927,7","3160,4","27,8","15,3","28,2","26,3","16,7","15,3",51.0,46.0,47.0,11.0,"7,1","2,9",
2026/01/08,1500 UTC,0,"927,3","927,8","927,3","2531,5","27,9","15,5","29,2","27,4","16,5","14,7",49.0,42.0,47.0,330.0,"7,2","2,2",
2026/01/08,1600 UTC,0,"926,6","927,3","926,6","3411,5","29,1","14,9",30,"27,9","15,9",14,47.0,39.0,42.0,10.0,"7,2","2,4",
2026/01/08,1700 UTC,0,926,"926,7",926,"2737,1","30,4","14,3","30,7",29,"16,9","13,9",45.0,37.0,38.0,348.0,"6,2","1,9",
2026/01/08,1800 UTC,0,"924,9",926,"924,9","2933,6","30,9","13,5","31,4","29,7","16,1","13,4",41.0,34.0,35.0,337.0,"6,5",3,
2026/01/08,1900 UTC,0,"925,5","925,5","924,8","1398,6","25,4","16,7","31,9","25,4","18,3","12,8",58.0,32.0,58.0,152.0,"9,7",4,
2026/01/08,2000 UTC,0,"926,2","926,3","925,5","316,5","23,9","16,2","25,4","22,6","17,1","15,6",70.0,58.0,62.0,133.0,"9,7","3,3",
2026/01/08,2100 UTC,9,"926,6",927,"926,1","42,7","19,9","17,7","23,9","19,9","18,1",16,87.0,62.0,87.0,121.0,"8,4",2,
2026/01/08,2200 UTC,"4,6","927,1","927,1","926,3","6,8",20,"18,2","20,1","19,2","18,3","17,5",91.0,87.0,89.0,156.0,"5,4","1,1",
2026/01/08,2300 UTC,"1,2",928,928,927,,"20,6","18,7","20,6","19,8","18,9","17,9",90.0,89.0,89.0,35.0,3,",8",
2026/01/09,0000 UTC,0,"928,3","928,3",928,,"20,4","18,6","20,7","20,3",19,"18,4",90.0,89.0,89.0,216.0,"2,3",",2",
2026/01/09,0100 UTC,0,"928,3","928,3",928,,"20,9","18,9","21,3","20,4","19,3","18,6",90.0,88.0,89.0,141.0,"2,5",",3",
2026/01/09,0200 UTC,",2","928,1","928,5","927,9",,"21,5","19,1","21,5","20,8","19,4","18,9",89.0,86.0,86.0,44.0,"2,7",",9",
2026/01/09,0300 UTC,0,"928,7","928,8",928,,"21,1",19,"21,6","20,8","19,1","18,5",88.0,85.0,88.0,240.0,"2,7","1,2",
2026/01/09,0400 UTC,0,"928,4","928,7","928,3",,"21,2","19,2","21,2",21,"19,2",19,89.0,88.0,88.0,245.0,"4,3",",7",
2026/01/09,0500 UTC,0,928,"928,4",928,,21,"18,9","21,4",21,"19,2","18,8",88.0,87.0,87.0,150.0,"1,6",",5",
2026/01/09,0600 UTC,0,"927,4",928,"927,4",,"21,4","18,6","21,5",21,"19,2","18,6",88.0,84.0,84.0,40.0,"1,8",",5",
2026/01/09,0700 UTC,0,"927,1","927,4","927,1",,"21,1","18,5","21,4",21,"18,8","18,3",86.0,84.0,85.0,107.0,"3,5","1,1",
2026/01/09,0800 UTC,0,"927,2","927,2",927,,"20,6",18,"21,1","20,6","18,4","17,9",85.0,83.0,85.0,84.0,"2,9",",2",
2026/01/09,0900 UTC,0,"927,7","927,7","927,2","16,1","20,5","17,7","20,9","20,4","18,3","17,6",86.0,83.0,84.0,91.0,"2,2",",6",
2026/01/09,1000 UTC,0,"928,1","928,1","927,7","514,5","23,8","18,9","23,8","20,4","18,9","17,6",85.0,73.0,74.0,189.0,"2,2",",2",
2026/01/09,1100 UTC,0,"928,1","928,2","928,1","1384,5","24,9","17,4","26,7","23,6","19,2","16,9",74.0,59.0,63.0,115.0,2,1,
2026/01/09,1200 UTC,0,928,"928,1",928,"1430,2","26,5","16,6",27,"24,8","18,2","16,5",65.0,53.0,55.0,107.0,"3,8","1,5",
2026/01/09,1300 UTC,0,"928,2","928,2",928,2651,"28,2","16,6","28,6","26,3","18,2","16,6",57.0,49.0,49.0,141.0,"3,5","1,6",
2026/01/09,1400 UTC,0,"927,8","928,3","927,7","3109,6","29,8","15,8","29,8",28,"17,5","15,2",52.0,42.0,43.0,354.0,5,"1,8",
2026/01/09,1500 UTC,0,"927,6","927,8","927,6","3104,8","30,9","13,8","30,9","28,9","15,4","12,8",43.0,34.0,35.0,2.0,"5,9","2,3",
2026/01/09,1600 UTC,0,"927,2","927,6","927,2",3725,32,"12,4","32,2","30,4","14,5","11,2",36.0,29.0,30.0,18.0,"5,8","2,1",
2026/01/09,1700 UTC,0,"926,6","927,2","926,6","3212,4",32,"13,2","33,1","31,3",15,"11,2",35.0,28.0,32.0,325.0,"5,5","1,9",
2026/01/09,1800 UTC,0,"926,4","926,6","926,2","1746,8","28,4","18,5",33,"28,4","18,5","10,5",55.0,26.0,55.0,181.0,"6,3","2,3",
2026/01/09,1900 UTC,0,"926,9","926,9","926,1","323,6","24,8","16,4","28,4","24,8","18,6","14,4",60.0,49.0,60.0,204.0,"12,5","1,5",
2026/01/09,2000 UTC,0,927,927,"926,4","147,6","24,1","19,7","24,8","24,1",20,17,76.0,60.0,76.0,202.0,"6,1","2,8",
2026/01/09,2100 UTC,0,"926,8","927,2","926,6","158,5","24,2","19,4","24,4",24,"19,7","19,3",76.0,74.0,75.0,207.0,"5,6","1,5",
2026/01/09,2200 UTC,0,927,927,"926,8",86,"23,7","19,4","24,3","23,7","19,5","19,2",77.0,74.0,77.0,174.0,"3,8",1,
2026/01/09,2300 UTC,0,"927,3","927,3","926,9",,"23,2","19,4","23,7","23,2","19,5","19,2",79.0,77.0,79.0,184.0,"4,3",",9",
2026/01/10,0000 UTC,0,"927,6","927,8","927,3",,"22,9","19,5","23,2","22,9","19,6","19,3",81.0,79.0,81.0,169.0,"2,7",",9",
2026/01/10,0100 UTC,0,"927,8","927,8","927,6",,"22,9","19,3","23,1","22,9","19,7","19,3",81.0,80.0,80.0,140.0,"4,1","2,2",
2026/01/10,0200 UTC,0,"927,7",928,"927,7",,"22,6","19,2","22,9","22,6","19,3","19,2",81.0,80.0,81.0,138.0,"4,1","1,9",
2026/01/10,0300 UTC,0,"927,2","927,7","927,2",,"22,2",19,"22,6","22,1","19,1","18,9",82.0,81.0,82.0,137.0,"3,7","1,3",
2026/01/10,0400 UTC,0,"926,3","927,2","926,3",,22,19,"22,2","21,9",19,"18,8",83.0,82.0,83.0,121.0,"3,3","1,7",
2026/01/10,0500 UTC,0,"926,2","926,3","926,1",,"21,5","18,9",22,"21,5","19,1","18,9",85.0,83.0,85.0,104.0,"3,3",",6",
2026/01/10,0600 UTC,0,"925,9","926,2","925,9",,"21,5","18,5","21,8","21,5","19,1","18,5",86.0,83.0,83.0,122.0,"2,7",",7",
2026/01/10,0700 UTC,0,"925,7","925,9","925,7",,"21,5","18,1","21,7","21,4","18,4","17,9",83.0,80.0,81.0,105.0,"3,6","1,5",
2026/01/10,0800 UTC,0,"926,3","926,3","925,7",,"20,6","17,7","21,5","20,6","18,1","17,7",84.0,81.0,84.0,153.0,4,",6",
2026/01/10,0900 UTC,0,"926,8","926,8","926,3","22,4",21,18,21,"20,4","18,1","17,7",85.0,83.0,83.0,111.0,"2,6",",7",
2026/01/10,1000 UTC,0,"927,3","927,3","926,8",537,"23,6","18,3","23,6",21,"18,7",18,83.0,72.0,72.0,139.0,"3,6",",9",
2026/01/10,1100 UTC,0,"927,4","927,5","927,3","1416,6","26,4","17,3","26,4","23,6","18,7","17,2",72.0,57.0,57.0,128.0,3,"1,5",
2026/01/10,1200 UTC,0,"927,3","927,4","927,3","2233,1","29,1","15,4","29,1","26,4","18,1","15,2",59.0,44.0,44.0,82.0,"5,3","2,1",
2026/01/10,1300 UTC,0,"926,9","927,3","926,9","2978,8",29,"15,5","29,5","28,2",16,"14,9",47.0,42.0,44.0,19.0,"5,8","1,8",
2026/01/10,1400 UTC,0,"925,9","926,9","925,9","3554,1","30,2","15,5","30,3",29,"16,3","14,9",45.0,40.0,41.0,354.0,"6,8","2,8",
2026/01/10,1500 UTC,0,"925,4","925,9","925,4","2758,9","30,7","14,7","31,1","29,5","15,8",14,42.0,37.0,38.0,350.0,"7,8","3,2",
2026/01/10,1600 UTC,0,"924,9","925,4","924,9","3542,9","32,1","13,1","32,7","30,6",15,"11,9",39.0,29.0,32.0,351.0,"7,5","2,5",
2026/01/10,1700 UTC,0,924,"924,9","923,9","3687,9","32,9","13,3","33,4","32,1","14,6","11,5",33.0,28.0,31.0,347.0,"7,4","3,3",
2026/01/10,1800 UTC,0,923,924,"922,9","3107,1","33,6","13,2","33,8","31,9","13,9","12,2",33.0,28.0,29.0,349.0,"7,4","2,8",
2026/01/10,1900 UTC,0,"922,2",923,"922,2","2775,6",33,"10,9","34,6",33,"14,3","10,1",31.0,25.0,26.0,83.0,"7,4","1,9",
2026/01/10,2000 UTC,0,922,"922,2","921,8","1493,6","33,3",8,"33,4","32,7","12,7","6,1",29.0,18.0,21.0,77.0,"6,4",",7",
2026/01/10,2100 UTC,0,"922,3","922,3","921,9","262,2","29,5","12,1","33,3","29,2","12,6","7,7",36.0,21.0,34.0,29.0,9,",8",
2026/01/10,2200 UTC,0,924,924,"922,3","31,1",26,18,"29,5",26,"20,3","12,2",65.0,34.0,62.0,212.0,"8,3","2,8",
2026/01/10,2300 UTC,0,"924,1","924,4",924,,"25,1","17,5",26,25,"18,1","17,4",64.0,61.0,63.0,193.0,"5,2",",7",
2026/01/11,0000 UTC,0,"925,5","925,5","924,1",,"25,5","17,5","25,8","25,1","17,9","17,2",63.0,60.0,61.0,286.0,"5,9","2,8",
2026/01/11,0100 UTC,"2,2","926,2","926,3","925,5",,"22,6","18,8","25,5","22,3",19,"17,5",81.0,61.0,79.0,259.0,"6,6","2,1",
2026/01/11,0200 UTC,0,926,"926,3",926,,"22,6","18,6","22,8","22,4","19,3","18,6",81.0,78.0,78.0,192.0,"4,6",",8",
2026/01/11,0300 UTC,0,"925,3",926,"925,3",,"22,1","18,5","22,6","22,1","18,9","18,4",80.0,78.0,80.0,106.0,"2,1",",3",
2026/01/11,0400 UTC,,,,,,,,,,,,,,,,,,
2026/01/11,0500 UTC,,,,,,,,,,,,,,,,,,
2026/01/11,0600 UTC,,,,,,,,,,,,,,,,,,
2026/01/11,0700 UTC,,,,,,,,,,,,,,,,,,
2026/01/11,0800 UTC,,,,,,,,,,,,,,,,,,
2026/01/11,0900 UTC,,,,,,,,,,,,,,,,,,
2026/01/11,1000 UTC,0,"925,2","925,2","924,9","350,7","23,6",18,"23,6","21,9","18,2","17,6",79.0,71.0,71.0,1.0,"1,8",",3",
2026/01/11,1100 UTC,0,"925,5","925,6","925,1","847,1","25,7","18,1","25,7","23,6","18,5","17,2",71.0,62.0,63.0,206.0,"1,9",",9",
2026/01/11,1200 UTC,0,"925,7","925,7","925,4","2386,8","27,8","15,6","28,3","25,6","18,1","15,3",63.0,46.0,47.0,43.0,"6,4","2,6",
2026/01/11,1300 UTC,0,"925,8","925,8","925,7","3000,3","28,5","14,6","29,1","27,4","16,4","14,6",50.0,43.0,43.0,23.0,"8,8","3,5",
2026/01/11,1400 UTC,0,"925,3","925,8","925,3","3609,3","29,5","14,6","30,2","28,5","15,6","13,5",45.0,37.0,40.0,349.0,"10,1","4,2",
2026/01/11,1500 UTC,0,"924,9","925,3","924,8","3626,2",31,"13,4",31,"29,5","14,9","12,9",40.0,34.0,34.0,7.0,"8,8",4,
2026/01/11,1600 UTC,0,"924,4","924,9","924,4","3654,5","31,1","13,2","31,5","30,5","14,3","12,6",36.0,32.0,33.0,351.0,"8,8","4,5",
2026/01/11,1700 UTC,0,"923,8","924,5","923,8","3575,5","32,3","13,2","32,7","30,6","13,4","11,7",34.0,28.0,31.0,360.0,"8,8","2,7",
2026/01/11,1800 UTC,0,"923,2","923,8","923,1","3126,2","32,5","11,4",33,"31,3","13,9","10,7",33.0,27.0,28.0,21.0,"7,2","2,4",
2026/01/11,1900 UTC,0,"922,6","923,2","922,6","1950,3","32,6",11,33,"31,2","12,7","10,5",31.0,26.0,27.0,357.0,"6,7","2,3",
2026/01/11,2000 UTC,0,"922,2","922,6","922,2","1255,4","32,9","10,9","32,9","31,2","11,9","9,9",30.0,25.0,26.0,38.0,"6,6","1,5",
2026/01/11,2100 UTC,,,,,,,,,,,,,,,,,,
2026/01/11,2200 UTC,0,"922,8","922,8","922,3","145,8","30,5","9,7","32,6","30,5","9,8","8,1",28.0,22.0,28.0,18.0,"3,8","1,2",
2026/01/11,2300 UTC,0,"923,2","923,2","922,8",,"28,9","15,5","30,5","28,9","15,6","9,7",45.0,28.0,44.0,229.0,3,",8",
2026/01/12,0000 UTC,0,924,924,"923,2",,"27,4","19,5","28,9","27,4","20,1","16,6",63.0,44.0,62.0,153.0,"3,8","1,6",
2026/01/12,0100 UTC,0,"924,5","924,5",924,,"26,8","17,1","27,5","26,8","19,5",17,62.0,54.0,55.0,153.0,"3,8","1,3",
2026/01/12,0200 UTC,0,"924,4","924,5","924,4",,"26,3","16,8","27,1","26,1",17,"16,3",56.0,52.0,56.0,137.0,"3,9","1,3",
2026/01/12,0300 UTC,0,924,"924,4",924,,"25,5","17,1","26,4","25,5","17,2","16,8",60.0,56.0,60.0,158.0,"3,1",",7",
2026/01/12,0400 UTC,0,"923,5",924,"923,5",,"25,2","17,8","25,6","24,8","17,9","16,8",63.0,59.0,63.0,81.0,"2,1",",7",
2026/01/12,0500 UTC,0,"923,4","923,5","923,4",,"24,6","16,8","25,3","24,5","18,1","16,8",66.0,62.0,62.0,96.0,"2,3",0,
2026/01/12,0600 UTC,0,"923,5","923,5","923,4",,"24,2","16,6","24,8","24,2","16,9","16,3",63.0,60.0,62.0,61.0,"2,1",",4",
2026/01/12,0700 UTC,0,"923,7","923,7","923,5",,"23,9",16,"24,2","23,5","17,1",16,65.0,61.0,61.0,101.0,"2,9",1,
2026/01/12,0800 UTC,0,"923,9",924,"923,7",,"23,8","15,8","24,1","23,6","16,5","15,8",64.0,61.0,61.0,75.0,"2,5",",6",
2026/01/12,0900 UTC,0,"924,3","924,3","923,9","26,8","23,9","15,9","23,9","23,2","16,1","15,8",64.0,61.0,61.0,104.0,"2,3",",9",
2026/01/12,1000 UTC,0,925,925,"924,3","540,7","25,5","14,9","25,8","23,9","15,8","14,7",61.0,51.0,52.0,110.0,"3,6",1,
2026/01/12,1100 UTC,0,"925,7","925,7",925,"837,7","26,6","15,1","26,6","25,4","15,4","14,6",54.0,49.0,50.0,120.0,"4,4","1,3",
2026/01/12,1200 UTC,0,"925,9","925,9","925,7","1950,3","28,5","11,4","28,5","26,6","15,7","10,9",51.0,34.0,35.0,33.0,"3,5","1,5",
2026/01/12,1300 UTC,0,"925,7",926,"925,7","2649,2","30,1","11,9","30,4","28,3","12,8","10,6",37.0,30.0,33.0,46.0,"7,1","1,8",
2026/01/12,1400 UTC,0,"925,8","925,9","925,7","3222,7","30,5","12,4","30,8","29,7","12,8","11,1",34.0,31.0,33.0,360.0,"9,1","2,6",
2026/01/12,1500 UTC,0,"925,4","925,8","925,4","3371,1","30,9",13,"31,3","29,7","14,1","12,2",36.0,32.0,34.0,356.0,9,"4,2",
2026/01/12,1600 UTC,0,"924,9","925,4","924,8","3781,7","31,8","13,4","32,2","30,8","13,4","11,5",34.0,29.0,33.0,341.0,9,"3,4",
2026/01/12,1700 UTC,0,"924,1","924,9","924,1","3806,7","32,8","11,5","33,3","31,7","13,5","10,4",34.0,26.0,27.0,44.0,"7,7","3,4",
2026/01/12,1800 UTC,0,"923,4","924,1","923,4","3096,4","33,3","10,1","33,5","32,1","12,3","9,7",29.0,24.0,24.0,23.0,"7,8","1,7",
2026/01/12,1900 UTC,0,"923,2","923,4","922,7","2136,9",32,"8,9","34,2","31,8","11,1","8,5",26.0,21.0,24.0,59.0,"5,2","1,3",
2026/01/12,2000 UTC,0,"923,2","923,5","923,1","546,9","28,6","19,4","32,1","28,6","19,4","8,8",58.0,24.0,58.0,203.0,"6,5","2,7",
2026/01/12,2100 UTC,0,"923,7","923,7","923,1","184,1","27,7",20,"28,6","27,7",20,"19,5",63.0,58.0,63.0,243.0,6,"1,9",
2026/01/12,2200 UTC,"5,2","924,3","924,3","923,7","33,3","25,2",22,"27,7","24,4","22,2","19,9",84.0,63.0,82.0,207.0,"4,5",",9",
2026/01/12,2300 UTC,0,"925,4","925,4","924,2",",4","25,2","21,4","25,5",25,22,"21,1",82.0,78.0,79.0,219.0,"3,6","1,3",
2026/01/13,0000 UTC,0,926,926,"925,4",,"25,3","19,1","25,3","24,9","21,3",19,79.0,68.0,68.0,154.0,4,"1,8",
2026/01/13,0100 UTC,0,"926,2","926,3",926,,"25,6","17,3","25,6",25,"19,2","17,2",70.0,60.0,60.0,137.0,6,"2,6",
2026/01/13,0200 UTC,0,"926,2","926,6","926,1",,"25,2","16,5","25,6","25,2","17,6","16,4",62.0,58.0,58.0,160.0,6,"1,6",
2026/01/13,0300 UTC,0,"926,1","926,2","925,8",,"24,3","18,6","25,2","24,3","18,8","16,5",71.0,58.0,71.0,142.0,"5,6","1,6",
2026/01/13,0400 UTC,",2","925,6","926,3","925,6",,"23,3","19,3","24,3","23,3","19,3","18,6",78.0,71.0,78.0,223.0,"3,9","1,4",
2026/01/13,0500 UTC,"1,6","925,1","925,6","924,4",,"22,5","19,9","23,3","22,4","20,1","19,3",86.0,78.0,85.0,304.0,"3,7",0,
2026/01/13,0600 UTC,",2",925,"925,3","924,7",,"22,1","19,9","22,6",22,"20,1","19,7",88.0,85.0,88.0,293.0,"2,6","1,3",
2026/01/13,0700 UTC,0,"924,8",925,"924,7",,"22,1","19,9","22,4",22,"20,1","19,7",88.0,86.0,87.0,328.0,"2,8","1,5",
2026/01/13,0800 UTC,0,"926,1","926,1","924,8",,"21,2","18,6","22,2","21,2","19,9","18,6",87.0,85.0,85.0,338.0,"8,2","3,7",
2026/01/13,0900 UTC,0,"927,3","927,3","926,1","11,3","20,4","16,7","21,3","20,4","18,7","16,4",85.0,76.0,79.0,325.0,"11,1","3,6",
2026/01/13,1000 UTC,0,"928,2","928,2","927,2","59,7","20,3","16,6","20,5","20,3","16,8","16,5",80.0,78.0,79.0,350.0,"8,7","1,7",
2026/01/13,1100 UTC,1,"929,3","929,3","928,2","77,5",20,"16,4","20,9",20,"16,9",16,80.0,74.0,80.0,47.0,"4,7","1,9",
2026/01/13,1200 UTC,"2,6","929,2","929,4","929,2","113,3","19,7","17,6",20,"19,6","17,7","16,4",88.0,80.0,88.0,77.0,"5,7","2,3",
2026/01/13,1300 UTC,1,"928,3","929,3","928,3","343,1","20,3","16,1","20,3","19,7","17,7","16,1",88.0,77.0,77.0,348.0,"5,9","2,6",
2026/01/13,1400 UTC,",2","927,4","928,3","927,4","624,3","21,4","17,6","21,4","20,3","17,6","15,8",80.0,73.0,79.0,259.0,"5,5",",7",
2026/01/13,1500 UTC,0,"927,3","928,1","927,2","1127,9","22,9",16,"23,2","21,3","17,5","15,6",79.0,65.0,65.0,31.0,"9,1",",7",
2026/01/13,1600 UTC,0,"927,4","927,6","927,3","2718,8","26,6","16,4","26,8","22,9","18,1","15,8",69.0,54.0,54.0,83.0,"3,4",",5",
2026/01/13,1700 UTC,0,"926,3","927,4","926,3","3612,8","28,7","14,2","28,7","26,2","17,9","12,8",58.0,38.0,41.0,8.0,"6,2","3,3",
2026/01/13,1800 UTC,0,"925,2","926,3","925,2","3367,8","29,6","13,5","30,1","28,7","15,8",13,44.0,36.0,37.0,335.0,"6,8","3,3",
2026/01/13,1900 UTC,0,"924,4","925,2","924,4",2683,"30,1",13,"30,9","29,4","14,6",12,39.0,32.0,35.0,326.0,"6,8","3,1",
2026/01/13,2000 UTC,0,"924,3","924,4","924,2","1858,3","30,3","13,2","30,8",30,"13,5","11,4",37.0,30.0,35.0,349.0,"5,5","1,9",
2026/01/13,2100 UTC,0,"924,7","924,7","924,3","1101,2","29,8","13,7","30,4","29,6","14,5",13,39.0,34.0,37.0,43.0,"4,3","1,4",
2026/01/13,2200 UTC,0,"925,5","925,5","924,6","257,4","25,7","19,1",30,"25,7","19,1","13,6",67.0,37.0,67.0,215.0,"6,2","2,8",
2026/01/13,2300 UTC,"3,4","927,7","927,7","925,5","1,5","18,9","16,3","25,7","18,9","19,5",16,85.0,67.0,85.0,159.0,"13,9","5,6",
2026/01/14,0000 UTC,19,"928,8","928,8","927,7",,"19,6","18,2","19,6","17,9","18,2",16,92.0,85.0,92.0,107.0,"12,9","3,3",
2026/01/14,0100 UTC,"1,2","928,8","929,1","928,7",,"19,7","17,8","19,9","19,7","18,3","17,6",92.0,88.0,89.0,87.0,"9,6",4,
2026/01/14,0200 UTC,"1,2",929,"929,1","928,7",,"19,6","17,2",20,"19,6","17,9","17,2",89.0,86.0,86.0,65.0,"9,2",",9",
2026/01/14,0300 UTC,0,"928,1","929,1","928,1",,"20,4","16,8","20,7","19,6","17,5","16,8",86.0,78.0,80.0,353.0,"3,9","2,3",
2026/01/14,0400 UTC,0,"926,7","928,1","926,7",,"20,6",16,"20,7","20,3","16,8",16,80.0,74.0,75.0,342.0,"6,3","2,8",
2026/01/14,0500 UTC,0,"926,5","926,7","926,3",,"20,7","15,9",21,"20,5",16,"15,6",75.0,72.0,74.0,7.0,"6,3","2,5",
2026/01/14,0600 UTC,0,"926,3","926,7","926,3",,"20,1","16,7","20,7","19,9","16,7",16,81.0,74.0,81.0,107.0,"5,5",",8",
2026/01/14,0700 UTC,0,"926,3","926,4","926,2",,20,"16,1","20,4",20,"16,8","16,1",81.0,76.0,78.0,90.0,"2,9",0,
2026/01/14,0800 UTC,0,"926,7","926,7","926,2",,"19,8","16,2","20,1","19,8","16,3","16,1",80.0,78.0,80.0,110.0,"1,8",0,
2026/01/14,0900 UTC,0,"927,3","927,3","926,7","19,3","20,3","16,7","20,3","19,8","16,7","16,2",80.0,79.0,80.0,119.0,"1,8",",7",
2026/01/14,1000 UTC,0,"927,7","927,7","927,3",360,"21,5","15,9","21,8","20,3",17,"15,7",80.0,70.0,70.0,323.0,"1,8",",3",
2026/01/14,1100 UTC,0,928,928,"927,7","807,9","23,2",16,"23,4","21,5","16,7","15,6",72.0,63.0,64.0,330.0,"1,7",",5",
2026/01/14,1200 UTC,0,"928,3","928,3",928,"2023,6","25,1","16,2","25,8","22,8","16,9","15,5",65.0,55.0,58.0,99.0,"3,2","1,5",
2026/01/14,1300 UTC,0,"928,2","928,3","928,1","2948,4","27,1","16,3","27,5","25,1",17,"15,3",58.0,50.0,52.0,137.0,"3,9","1,4",
2026/01/14,1400 UTC,0,"927,9","928,2","927,9","3442,7","28,4","15,1","28,5","26,2","16,8",14,55.0,42.0,44.0,28.0,"5,7","1,4",
2026/01/14,1500 UTC,0,"927,5","927,9","927,5","3540,8","28,5","14,8","29,2","27,6","16,1","12,8",47.0,38.0,43.0,35.0,"7,7",2,
2026/01/14,1600 UTC,0,"926,8","927,5","926,7","2974,2","28,4","15,3","29,3","27,9","16,3","14,1",48.0,42.0,45.0,13.0,"6,5","1,9",
2026/01/14,1700 UTC,0,"926,1","926,8","926,1","1433,9","25,7","16,5","28,4","25,7","16,7","14,4",57.0,43.0,57.0,108.0,"8,4","2,4",
2026/01/14,1800 UTC,0,"925,3","926,1","925,3","1991,5","27,8","16,8","27,8","25,6","18,9","15,6",63.0,49.0,51.0,116.0,"6,9","2,1",
2026/01/14,1900 UTC,0,"925,1","925,3","924,9","2479,7","26,4","16,5","28,3","26,2","18,4","15,8",58.0,48.0,55.0,133.0,"7,6","2,9",
2026/01/14,2000 UTC,0,"925,6","925,6","924,9","573,5","24,5","16,5","26,7","24,5","16,7","15,2",61.0,52.0,61.0,125.0,"5,7","2,6",
2026/01/14,2100 UTC,0,926,926,"925,5",203,"22,1","17,8","24,5",22,"17,8","16,3",77.0,61.0,77.0,125.0,8,"1,4",
2026/01/14,2200 UTC,",2","926,5","926,5",926,"11,7","22,1","18,1","22,2","21,7","18,2","17,5",79.0,75.0,78.0,166.0,"3,3","1,1",
2026/01/14,2300 UTC,0,927,927,"926,5",,"21,6","17,4","22,3","21,6","18,2","16,8",78.0,74.0,77.0,130.0,"5,4","1,9",
2026/01/15,0000 UTC,0,"927,3","927,3",927,,21,"17,4","21,6",21,"17,7","16,9",80.0,75.0,80.0,116.0,7,"1,7",
2026/01/15,0100 UTC,0,"927,4","927,4","927,2",,"20,9","17,7","21,1","20,8","17,8","17,4",82.0,80.0,82.0,114.0,"7,1","2,1",
2026/01/15,0200 UTC,0,"927,2","927,4","927,1",,"21,1","17,5","21,1","20,9","17,8","17,5",82.0,80.0,80.0,109.0,"6,8","2,7",
2026/01/15,0300 UTC,0,"926,7","927,2","926,7",,"20,9","17,2","21,1","20,9","17,4","17,2",80.0,79.0,80.0,98.0,"6,8","1,4",
2026/01/15,0400 UTC,0,926,"926,7",926,,"20,8","16,9",21,"20,8","17,2","16,7",80.0,77.0,78.0,106.0,"4,8","1,3",
2026/01/15,0500 UTC,0,"925,4",926,"925,4",,"20,4","17,1","20,8","20,4","17,3","16,9",82.0,78.0,81.0,113.0,"3,6","1,5",
2026/01/15,0600 UTC,0,"925,7","925,8","925,3",,"19,7","17,2","20,4","19,7","17,3","17,1",85.0,81.0,85.0,135.0,"3,9","1,9",
2026/01/15,0700 UTC,0,"925,5","925,8","925,3",,"19,4","17,2","19,8","19,4","17,3","17,1",87.0,85.0,87.0,112.0,"3,9",",5",
2026/01/15,0800 UTC,0,"926,1","926,1","925,5",,"19,5","17,2","19,6","19,4","17,3","17,2",87.0,86.0,87.0,102.0,"2,4",",7",
2026/01/15,0900 UTC,0,"926,8","926,8","926,1","18,3","19,6","17,4","19,6","19,4","17,4","17,1",88.0,87.0,87.0,148.0,2,",8",
2026/01/15,1000 UTC,0,"927,3","927,3","926,8","313,1","21,1","17,8","21,1","19,6",18,"17,4",87.0,82.0,82.0,74.0,"1,9",",1",
2026/01/15,1100 UTC,0,"927,6","927,6","927,3",972,"22,4","16,2","22,7",21,"17,8","16,1",82.0,67.0,68.0,11.0,"6,2","2,9",
2026/01/15,1200 UTC,0,928,928,"927,6","1843,3","23,8","15,9","24,2","22,3","16,7","15,9",68.0,60.0,61.0,16.0,"6,1","3,4",
2026/01/15,1300 UTC,0,"928,3","928,4",928,"2360,9","25,2","16,9","25,5","23,3","17,2",16,65.0,59.0,60.0,42.0,"8,6","3,4",
2026/01/15,1400 UTC,0,"928,2","928,4","928,2","3183,8","26,6","17,1","27,6","25,2","17,4","16,1",61.0,52.0,56.0,11.0,"8,6","2,5",
2026/01/15,1500 UTC,0,"927,7","928,2","927,6","2728,4","26,8","16,3",29,"26,5","17,6","15,8",57.0,47.0,53.0,14.0,"8,5","3,4",
2026/01/15,1600 UTC,0,"926,6","927,7","926,6","1871,3",28,18,28,"24,8","18,7","16,3",69.0,53.0,55.0,71.0,"8,5","1,7",
2026/01/15,1700 UTC,0,"925,5","926,6","925,5","2139,2","28,9","16,8","29,1","27,5","17,9","15,4",54.0,45.0,48.0,333.0,"6,9","2,7",
2026/01/15,1800 UTC,0,"925,5","925,6","925,2","1374,6","24,6","14,8","29,6","24,6","17,5","14,6",54.0,43.0,54.0,59.0,"10,8","3,9",
2026/01/15,1900 UTC,"2,6","926,2","926,5","925,4","136,1","20,6","17,9","24,6","20,6",18,"14,9",84.0,54.0,84.0,87.0,"10,7","1,2",
2026/01/15,2000 UTC,"1,6","926,2","926,4",926,"50,8","20,8","18,7","20,8","20,4","18,7","17,8",88.0,84.0,88.0,123.0,"4,1","1,9",
2026/01/15,2100 UTC,"1,4","927,3","927,3","926,2","67,4","20,8",19,"20,9","20,6",19,"18,5",90.0,87.0,90.0,231.0,"4,9",",6",
2026/01/15,2200 UTC,"1,2",928,928,"927,3","6,8","20,5","18,7","20,9","20,5","19,2","18,7",90.0,89.0,90.0,119.0,"4,6","1,7",
2026/01/15,2300 UTC,"4,4","928,8","928,8",928,,"19,7","18,4","20,5","19,6","18,7","18,2",92.0,90.0,92.0,163.0,"4,8","1,4",
2026/01/16,0000 UTC,"1,6","928,6","928,8","928,6",,"19,9","18,7","19,9","19,6","18,7","18,2",93.0,92.0,93.0,109.0,"3,9",1,
2026/01/16,0100 UTC,"2,8","928,8","928,8","928,5",,"19,8","18,5","19,9","19,7","18,7","18,5",93.0,93.0,93.0,94.0,"3,6","1,4",
2026/01/16,0200 UTC,"2,4",929,929,"928,8",,"19,7","18,2","19,9","19,6","18,6","18,2",93.0,92.0,92.0,72.0,"4,3","1,7",
2026/01/16,0300 UTC,"1,4","928,2",929,"928,2",,"19,3","17,9","19,7","19,2","18,2","17,8",92.0,91.0,92.0,96.0,"4,6",",8",
2026/01/16,0400 UTC,",2","927,1","928,2","927,1",,"19,6","18,1","19,7","19,3","18,2","17,8",92.0,91.0,91.0,80.0,"3,5","1,2",
2026/01/16,0500 UTC,",2","926,6","927,2","926,6",,"19,5",18,"19,6","19,3",18,"17,7",91.0,90.0,91.0,97.0,"3,5",0,
2026/01/16,0600 UTC,0,"926,2","926,7","926,2",,"19,3","17,2","19,8","19,3","18,2","17,2",91.0,87.0,88.0,29.0,"3,4",",3",
2026/01/16,0700 UTC,0,"926,1","926,2","925,8",,"19,3","17,2","19,7","19,2","17,9","17,2",90.0,87.0,87.0,353.0,"2,5",",5",
2026/01/16,0800 UTC,0,"926,4","926,4","926,1",,"19,7","17,1","19,7","19,2","17,4",17,89.0,85.0,85.0,18.0,"2,5",1,
2026/01/16,0900 UTC,0,"926,7","926,7","926,4","24,4","20,3","16,7","20,4","19,5","17,1","16,7",85.0,79.0,80.0,26.0,"4,3","1,4",
2026/01/16,1000 UTC,0,"927,1","927,2","926,7","231,6","21,2","16,5","21,2","20,1","17,1","16,5",81.0,74.0,74.0,13.0,"4,3","1,6",
2026/01/16,1100 UTC,0,"927,3","927,3",927,"542,8","22,3","17,3","22,3","21,2","17,5","16,3",76.0,72.0,73.0,101.0,5,",7",
2026/01/16,1200 UTC,0,"927,7","927,7","927,3","992,2","23,2","16,9","23,3","22,1","17,7","16,7",74.0,68.0,68.0,87.0,"2,5","1,1",
2026/01/16,1300 UTC,0,"927,9",928,"927,7","1666,9","25,4","17,9","25,4","23,1","18,1","16,6",69.0,63.0,63.0,61.0,"3,6","1,8",
2026/01/16,1400 UTC,0,"927,7","927,9","927,7","2797,3","26,3",16,"26,8","24,9","18,3","15,8",64.0,52.0,53.0,51.0,"6,9","3,1",
2026/01/16,1500 UTC,0,"927,1","927,7","927,1","2454,7","26,4",17,"26,7","25,6","17,7","15,8",59.0,53.0,56.0,6.0,"6,9","2,9",
2026/01/16,1600 UTC,0,926,"927,2",926,"3450,9","28,7","15,9","28,8","26,4","18,3","15,3",57.0,46.0,46.0,39.0,"7,6","2,9",
2026/01/16,1700 UTC,0,"925,3",926,"925,3","2893,9",29,"15,5","29,8","28,2","16,9","14,9",48.0,42.0,44.0,45.0,"7,6","1,7",
2026/01/16,1800 UTC,0,"924,4","925,3","924,4","1907,4","28,5","15,6","29,5","28,5",16,"14,7",46.0,41.0,45.0,21.0,7,"1,9",
2026/01/16,1900 UTC,",8","924,4","925,1","924,4",560,"23,1","18,5","28,5","21,9","18,8",15,80.0,44.0,75.0,61.0,"11,5","1,7",
2026/01/16,2000 UTC,0,"925,1","925,1","924,4","429,6","23,2","18,4","23,6",23,"18,6","17,4",75.0,70.0,75.0,124.0,"5,1","1,7",
2026/01/16,2100 UTC,"2,8","926,1","926,1","925,1","24,2","20,4","17,9","23,2","20,4","18,7","17,7",86.0,75.0,86.0,334.0,"7,1","2,4",
2026/01/16,2200 UTC,2,"926,1","926,2",926,"14,9","20,7","18,7","20,7","20,4","18,8",18,89.0,86.0,89.0,224.0,"5,5",0,
2026/01/16,2300 UTC,0,"926,2","926,4","926,1",,"20,9","18,9",21,"20,5","19,1","18,5",89.0,88.0,89.0,42.0,"3,1",",9",
2026/01/17,0000 UTC,0,"926,7","926,7","926,2",,"20,8","18,6",21,"20,7","18,9","18,6",89.0,87.0,87.0,91.0,"3,5","1,5",
2026/01/17,0100 UTC,",2","927,1","927,1","926,6",,"20,6","18,6","20,9","20,6","18,8","18,6",88.0,87.0,88.0,114.0,"4,6","1,4",
2026/01/17,0200 UTC,",2","926,8","927,1","926,8",,"20,2","18,6","20,6","20,2","18,7","18,5",90.0,88.0,90.0,106.0,4,",9",
2026/01/17,0300 UTC,0,"925,9","926,8","925,8",,"20,2","18,6","20,4","20,1","18,8","18,5",91.0,90.0,90.0,82.0,"3,2",",3",
2026/01/17,0400 UTC,0,925,"925,9",925,,"19,8","17,7","20,4","19,8","18,6","17,6",90.0,86.0,87.0,111.0,"3,7",",1",
2026/01/17,0500 UTC,0,"924,5",925,"924,4",,"19,9","18,1","20,1","19,8","18,2","17,7",89.0,87.0,89.0,128.0,"3,1",",8",
2026/01/17,0600 UTC,0,"924,2","924,5","924,2",,"19,8","18,2",20,"19,7","18,2",18,91.0,89.0,91.0,123.0,"2,2",",9",
2026/01/17,0700 UTC,0,"924,2","924,3","924,1",,"19,7","18,1","19,8","19,6","18,3",18,91.0,90.0,91.0,87.0,2,",5",
2026/01/17,0800 UTC,",2","924,5","924,5","924,2",,"19,4","17,7","19,8","19,4","18,2","17,6",91.0,89.0,90.0,71.0,"3,5",",2",
2026/01/17,0900 UTC,0,"924,9","924,9","924,5","18,6","19,8","18,1","19,8","19,4","18,1","17,6",90.0,89.0,90.0,199.0,"1,2",0,
2026/01/17,1000 UTC,0,"925,2","925,3","924,9","300,8","21,1",17,"21,1","19,8","18,4","16,9",90.0,78.0,78.0,335.0,"3,2","1,9",
2026/01/17,1100 UTC,0,"925,4","925,4","925,2","607,7",22,"16,5","22,1",21,17,"16,5",78.0,71.0,71.0,18.0,"6,4","2,1",
2026/01/17,1200 UTC,0,"925,2","925,4","925,2","1135,8","22,9","17,1","23,3","21,9","17,8","16,4",73.0,70.0,70.0,13.0,"6,5","3,3",
2026/01/17,1300 UTC,0,"925,4","925,5","925,2","1827,8","24,5",17,"24,8","22,6","18,1","16,9",71.0,63.0,63.0,12.0,"6,5","2,2",
2026/01/17,1400 UTC,0,"925,3","925,5","925,3","1714,9","24,4","16,6",25,24,"17,3","16,3",65.0,61.0,62.0,16.0,"8,5","3,8",
2026/01/17,1500 UTC,0,"924,8","925,3","924,8","1757,2","25,2","16,2","25,6","24,4","16,9","15,9",62.0,56.0,57.0,345.0,"7,1","2,3",
2026/01/17,1600 UTC,0,"923,7","924,8","923,7",3255,"27,7","16,6","27,9","25,1","17,5","15,6",59.0,49.0,51.0,4.0,"6,5","2,6",
2026/01/17,1700 UTC,0,"923,2","923,8","923,2","2228,1","27,3","15,8","27,7","26,3","16,8","15,4",54.0,48.0,50.0,328.0,"6,7","3,7",
2026/01/17,1800 UTC,0,"922,2","923,2","922,2","3036,2","28,1","15,7","29,3","27,3","17,1",15,50.0,44.0,47.0,349.0,"7,8","2,8",
2026/01/17,1900 UTC,0,"921,1","922,2","921,1","2080,8","28,5","17,4","29,3","27,8","18,5","15,1",53.0,44.0,51.0,124.0,"5,3","1,8",
2026/01/17,2000 UTC,0,921,"921,1","920,7","978,8","27,4","17,5","28,9","27,4",18,"16,9",56.0,50.0,55.0,116.0,"3,8","1,4",
2026/01/17,2100 UTC,",2","921,5","921,5","920,7","108,9","22,7","18,7","27,4","22,6","19,1","17,5",81.0,55.0,78.0,136.0,"9,2","2,7",
2026/01/17,2200 UTC,"2,6","922,2","922,6","921,5","2,7","20,6","18,8","22,7","20,4","19,5","18,3",89.0,77.0,89.0,162.0,"9,3","1,5",
2026/01/17,2300 UTC,",6","923,2","923,2","922,1",,"20,8","19,2","20,9","20,6","19,3","18,7",91.0,89.0,91.0,196.0,"3,3",",7",
2026/01/18,0000 UTC,4,"923,4","923,5","923,2",,"20,8","19,3",21,"20,6","19,4",19,91.0,91.0,91.0,333.0,"3,3",0,
2026/01/18,0100 UTC,",6","924,1","924,1","923,4",,21,"19,6","21,3","20,7","19,9","19,2",92.0,91.0,92.0,105.0,"3,7","1,4",
2026/01/18,0200 UTC,0,"924,2","924,3","923,9",,"20,4","18,6",21,"20,4","19,6","18,6",92.0,89.0,89.0,102.0,"4,3","1,3",
2026/01/18,0300 UTC,0,"923,6","924,2","923,6",,"20,3","18,5","20,4","20,2","18,7","18,4",90.0,89.0,90.0,120.0,4,",2",
2026/01/18,0400 UTC,0,"922,9","923,6","922,9",,"20,4","18,5","20,5","20,3","18,6","18,5",90.0,89.0,89.0,121.0,"2,7",",9",
2026/01/18,0500 UTC,",6","921,8","922,8","921,8",,"20,3","18,8","20,5","20,3","18,8","18,5",91.0,89.0,91.0,92.0,"4,3",2,
2026/01/18,0600 UTC,",2","920,9","921,8","920,9",,"20,2","18,4","20,4","20,1","18,8","18,4",91.0,90.0,90.0,61.0,"4,5","1,8",
2026/01/18,0700 UTC,0,"921,6","921,6","920,8",,"19,8",18,"20,2","19,8","18,4",18,90.0,89.0,89.0,25.0,"4,2",0,
2026/01/18,0800 UTC,",2","921,5","921,7","921,5",,"20,6","16,6","20,8","19,8","18,3","16,6",89.0,77.0,77.0,21.0,"9,4","3,5",
2026/01/18,0900 UTC,0,"921,9","921,9","921,5","9,8","20,6","16,8","20,8","20,3","16,8","16,5",79.0,77.0,79.0,357.0,"9,4","1,3",
2026/01/18,1000 UTC,0,"922,7","922,7","921,9","264,5","21,1","16,8","21,1","20,5","16,8","16,5",79.0,76.0,76.0,7.0,"5,5","1,9",
2026/01/18,1100 UTC,0,"923,1","923,1","922,7","765,1","21,6","17,2","21,6","21,1","17,2","16,7",77.0,75.0,76.0,342.0,"7,3","3,2",
2026/01/18,1200 UTC,0,"923,1","923,1","922,9","2080,9","23,2","17,5","23,3","21,6","17,8","16,9",76.0,70.0,70.0,348.0,"7,3","3,7",
2026/01/18,1300 UTC,0,"922,9","923,2","922,9","2854,3","24,2","17,5","24,7",23,"17,8","17,2",71.0,64.0,66.0,1.0,"10,1","4,6",
2026/01/18,1400 UTC,0,"922,8","922,9","922,7","2164,4","24,8","17,3","25,2","24,3","18,1",17,67.0,62.0,63.0,358.0,"9,9","3,6",
2026/01/18,1500 UTC,0,"922,4","922,9","922,4","1500,6","25,8","17,6","25,8","24,4","17,8","17,1",65.0,61.0,61.0,343.0,"8,1","3,3",
2026/01/18,1600 UTC,0,"921,5","922,4","921,5","2792,3",26,"17,2","26,8","25,5","18,1",17,61.0,56.0,58.0,356.0,"10,7",5,
2026/01/18,1700 UTC,0,"920,5","921,5","920,5","2873,1","27,8","17,5","27,8",26,"18,4",17,61.0,53.0,53.0,336.0,"8,1","3,3",
2026/01/18,1800 UTC,0,"919,5","920,5","919,5","2235,5","26,9","17,2",28,"26,1","17,9",16,58.0,51.0,55.0,328.0,12,"5,3",
2026/01/18,1900 UTC,0,"918,5","919,5","918,4","1631,3","26,4","18,7","27,3","25,3","18,7","16,9",65.0,54.0,62.0,339.0,"11,7","3,6",
2026/01/18,2000 UTC,0,"918,6","918,9","918,5","971,2","26,1","15,9","26,8","26,1","18,6","15,8",62.0,53.0,53.0,307.0,"8,8",3,
2026/01/18,2100 UTC,0,"919,2","919,2","918,5",146,"24,8","16,6","26,1","24,8","16,6","15,8",61.0,53.0,60.0,346.0,"7,1","3,4",
2026/01/18,2200 UTC,0,"919,2","919,2","918,6","68,6","24,6","16,6","24,8","24,5","16,9","16,6",62.0,60.0,61.0,1.0,"6,2","1,8",
2026/01/18,2300 UTC,0,"919,4","919,5","919,1",,"24,3","16,9","24,6","24,3","16,9","16,5",63.0,61.0,63.0,44.0,"3,7",",9",
2026/01/19,0000 UTC,0,"919,5","919,6","919,4",,"24,1","17,6","24,4",24,"17,6","16,8",67.0,63.0,67.0,36.0,"3,8",",8",
2026/01/19,0100 UTC,0,"920,7","920,7","919,3",,"23,5","17,6","24,1","23,3","17,9","17,6",71.0,67.0,70.0,35.0,"3,7",1,
2026/01/19,0200 UTC,,,,,,,,,,,,,,,,,,
2026/01/19,0300 UTC,0,"919,9","920,2","919,5",,"23,2","17,3","23,4","23,2","17,5","17,3",70.0,69.0,69.0,15.0,"3,7","1,7",
2026/01/19,0400 UTC,0,920,"920,1","919,9",,"22,9","17,2","23,3","22,9","17,3",17,70.0,68.0,70.0,29.0,"5,3","1,2",
2026/01/19,0500 UTC,"2,2","919,8","920,1","919,8",,"20,5","17,4","22,9","20,5","18,1","17,2",85.0,70.0,82.0,306.0,"12,1","2,5",
2026/01/19,0600 UTC,"1,6","919,6","919,8","919,1",,"19,2","16,9","20,5","19,2","17,3","16,2",86.0,80.0,86.0,299.0,"6,4",0,
2026/01/19,0700 UTC,0,"918,2","919,6","918,2",,"20,2","17,7","20,2","19,1","17,7","16,8",87.0,85.0,86.0,24.0,"4,3","1,3",
2026/01/19,0800 UTC,0,918,"918,3","917,7",,"20,5","17,6","20,5","20,1","17,8","17,5",86.0,83.0,83.0,350.0,"7,7","2,8",
2026/01/19,0900 UTC,0,"918,7","918,8","917,9","5,5","20,4","17,2","20,6","20,4","17,6","17,2",84.0,82.0,82.0,351.0,"9,3","4,1",
2026/01/19,1000 UTC,0,"920,3","920,3","918,7",140,"20,7","17,1","20,7","20,4","17,3","16,9",82.0,79.0,80.0,331.0,"9,3","2,3",
2026/01/19,1100 UTC,0,"920,4","920,5","920,3","482,6","20,8","16,7","21,1","20,6","17,1","16,7",80.0,77.0,77.0,14.0,"6,6","2,4",
2026/01/19,1200 UTC,0,"920,8","920,9","920,4","292,9","20,9","16,9","21,2","20,8","17,1","16,6",78.0,76.0,77.0,335.0,"6,1","3,2",
2026/01/19,1300 UTC,0,"920,6",921,"920,6","962,3","22,4","17,3","22,6","20,9","17,7","16,8",78.0,72.0,73.0,346.0,6,"3,5",
2026/01/19,1400 UTC,0,"920,9",921,"920,5","2326,8","24,2","17,1","24,4","22,3","17,9","17,1",74.0,65.0,65.0,333.0,"7,5","4,3",
2026/01/19,1500 UTC,0,"920,4","920,9","920,4","1731,4",25,"17,5",25,24,18,"16,8",66.0,61.0,63.0,314.0,"9,2","3,2",
2026/01/19,1600 UTC,",2","920,6","920,7","920,3","1182,6","21,7","17,7","25,2","21,7","18,5","16,8",79.0,60.0,78.0,298.0,10,"5,4",
2026/01/19,1700 UTC,",2","920,1","920,6",920,"1493,4","23,2","17,9","23,6","21,7","19,6","17,7",83.0,71.0,72.0,287.0,10,"4,2",
2026/01/19,1800 UTC,",2","920,1","920,2","920,1","704,8","21,6","17,8","23,5","21,6","18,2","17,5",80.0,70.0,79.0,281.0,"10,3","3,6",
2026/01/19,1900 UTC,"3,2","920,2","920,3",920,"516,3","20,5","18,6","22,1","20,2","18,6","17,4",89.0,75.0,89.0,243.0,"10,7","3,5",
2026/01/19,2000 UTC,",4","920,3","920,5","920,2","452,3","19,9","17,8","20,6","19,9","18,6","17,6",89.0,85.0,88.0,250.0,"11,8","3,8",
2026/01/19,2100 UTC,",8","920,9","920,9","920,2","229,7","19,6","17,6",20,"19,6","17,9","17,5",89.0,85.0,88.0,233.0,"11,3","4,8",
2026/01/19,2200 UTC,",8","921,7","921,7","920,9","36,4","18,8","16,9","19,6","18,7","17,5","16,8",89.0,87.0,89.0,223.0,"13,3","4,3",
2026/01/19,2300 UTC,2,"922,2","922,2","921,6",,"17,9","16,3","18,8","17,9",17,16,90.0,86.0,90.0,221.0,"13,8","3,3",
2026/01/20,0000 UTC,"4,8","923,2","923,2","922,1",,"17,5","15,9",18,"17,4","16,6","15,8",92.0,90.0,91.0,202.0,"12,9","2,6",
2026/01/20,0100 UTC,0,"924,1","924,1","923,2",",8","18,1","15,4","18,1","17,5","16,1","15,4",91.0,84.0,84.0,214.0,10,"4,1",
2026/01/20,0200 UTC,0,"924,7","924,7","924,1",,"18,1","15,4","18,4","18,1","15,4","15,2",84.0,82.0,84.0,198.0,"10,1","2,7",
2026/01/20,0300 UTC,2,"924,5","924,8","924,5",,"16,6","14,6","18,1","16,6","15,7","14,6",90.0,84.0,88.0,217.0,"11,3","4,8",
2026/01/20,0400 UTC,",2","924,2","924,5","924,2",,"17,1","14,5","17,1","16,5","14,9","14,5",89.0,85.0,85.0,198.0,"11,3","2,9",
2026/01/20,0500 UTC,0,"923,8","924,2","923,8",,"17,2","14,5","17,3","17,1","14,9","14,4",86.0,84.0,84.0,188.0,"6,7","1,2",
2026/01/20,0600 UTC,0,"923,5","923,8","923,4",,"17,3","14,4","17,5","17,1","14,8","14,4",85.0,83.0,83.0,214.0,"8,6","3,8",
2026/01/20,0700 UTC,0,"923,3","923,5","923,2",,"17,3","14,1","17,3","17,2","14,4","13,9",83.0,80.0,82.0,210.0,"8,6","3,1",
2026/01/20,0800 UTC,0,"923,6","923,6","923,3",,"17,1","14,4","17,4","17,1","14,6","14,1",85.0,81.0,84.0,214.0,"8,8","2,9",
2026/01/20,0900 UTC,0,"924,1","924,1","923,6","2,1","16,8","13,5","17,1","16,6","14,4","13,5",85.0,81.0,81.0,217.0,"9,3","3,5",
2026/01/20,1000 UTC,0,"924,9","924,9","924,1","69,2","17,1","13,3","17,1","16,8","13,7","13,1",81.0,78.0,78.0,210.0,"7,8","3,5",
2026/01/20,1100 UTC,0,"925,4","925,5","924,9","509,8",18,"13,1",18,"17,1","13,3","12,8",78.0,72.0,73.0,204.0,"8,6","3,9",
2026/01/20,1200 UTC,0,"925,8","925,9","925,4","970,4",19,"12,6","19,1",18,"13,6","12,4",73.0,66.0,66.0,215.0,"8,6","3,7",
2026/01/20,1300 UTC,0,"926,1","926,1","925,8","2796,5","20,9","11,9","21,4","19,1","13,6","11,8",67.0,55.0,56.0,199.0,"9,5","3,6",
2026/01/20,1400 UTC,0,"926,3","926,4","926,1","1851,8","19,8","12,7","21,6","19,8","13,2","11,8",64.0,55.0,64.0,202.0,"9,8","3,9",
2026/01/20,1500 UTC,0,"926,5","926,5","926,3",1218,"20,8","12,7","20,8","19,6","13,1","11,8",64.0,60.0,60.0,214.0,"8,6","3,5",
2026/01/20,1600 UTC,0,"925,8","926,5","925,7","1849,5","21,9","12,8","22,3","20,1","14,2","12,4",64.0,55.0,56.0,190.0,"7,9",3,
2026/01/20,1700 UTC,0,"925,5",926,"925,4","2299,7","21,8","12,4","24,1","21,6","13,8",12,59.0,48.0,55.0,201.0,9,"2,5",
2026/01/20,1800 UTC,0,925,"925,5",925,"1701,4","22,9","14,4","23,1","20,9","14,7","12,2",66.0,55.0,59.0,202.0,"7,9","3,2",
2026/01/20,1900 UTC,0,"924,9",925,"924,9","1573,1","22,5","14,2","23,8","21,3","14,8","13,3",65.0,54.0,59.0,187.0,"7,9","2,5",
2026/01/20,2000 UTC,0,"925,3","925,3","924,9","632,2","19,4","13,6","22,5","19,4","14,3","12,9",69.0,58.0,69.0,203.0,"8,8","3,5",
2026/01/20,2100 UTC,"3,8","925,6","925,6","925,3","132,2","16,5","14,8","19,4","16,5","15,3","13,7",89.0,69.0,89.0,208.0,"9,3","3,8",
2026/01/20,2200 UTC,",2","926,2","926,2","925,6","43,1","16,1","14,3","16,5",16,"14,9","13,9",90.0,87.0,89.0,181.0,"9,3","2,2",
2026/01/20,2300 UTC,0,"926,8","926,8","926,2",,"16,1","13,8","16,2","15,8","14,3","13,8",89.0,86.0,86.0,167.0,"7,7","2,5",
2026/01/21,0000 UTC,0,927,927,"926,8",",1","16,4","12,9","16,4","16,1","13,8","12,9",86.0,80.0,80.0,161.0,"7,7","2,4",
2026/01/21,0100 UTC,0,927,"927,1",927,,"16,5","12,6","16,5","16,4","12,9","12,5",80.0,77.0,78.0,153.0,"6,5","2,5",
2026/01/21,0200 UTC,0,"927,2","927,3",927,,"16,4","13,1","16,5","16,3","13,1","12,6",81.0,78.0,81.0,141.0,"5,5","2,5",
2026/01/21,0300 UTC,0,927,"927,2",927,,"16,5",13,"16,6","16,4","13,2","12,8",81.0,79.0,80.0,169.0,"6,7","2,2",
2026/01/21,0400 UTC,0,"926,5",927,"926,5",,"16,5","13,1","16,6","16,5","13,3","12,9",81.0,79.0,80.0,162.0,"7,5","1,5",
2026/01/21,0500 UTC,0,"925,9","926,5","925,9",,"16,5","13,3","16,5","16,3","13,3",13,81.0,80.0,81.0,160.0,"5,5","1,2",
2026/01/21,0600 UTC,",2","925,3","925,8","925,3",,"15,9","14,1","16,5","15,7","14,1","13,3",89.0,81.0,89.0,166.0,"3,8",",8",
2026/01/21,0700 UTC,0,"925,1","925,3","925,1",,16,"14,2",16,"15,9","14,2",14,89.0,89.0,89.0,159.0,"3,7","1,3",
2026/01/21,0800 UTC,0,"925,2","925,2","925,1",,16,"14,2","16,1",16,"14,3","14,1",89.0,89.0,89.0,167.0,"3,9","1,5",
2026/01/21,0900 UTC,0,"925,8","925,8","925,2","18,8","16,3",14,"16,3",16,"14,4",14,89.0,86.0,86.0,158.0,"4,4","1,9",
2026/01/21,1000 UTC,,,,,,,,,,,,,,,,,,
2026/01/21,1100 UTC,0,927,927,"926,7","710,2",19,"14,3",19,17,"14,3",13,80.0,74.0,74.0,173.0,"5,3","1,5",
2026/01/21,1200 UTC,0,"927,1","927,1",927,"1072,6","18,7","13,4","19,1","18,1",14,"12,8",74.0,70.0,72.0,164.0,"6,2","2,3",
2026/01/21,1300 UTC,0,"927,5","927,5",927,"752,6","18,6","13,9","19,1",18,"14,2","13,4",77.0,71.0,74.0,203.0,"5,9",2,
2026/01/21,1400 UTC,0,"927,6","927,6","927,5","696,8","18,3","13,6","18,8","17,9","14,1","13,2",75.0,72.0,74.0,191.0,"6,9","2,5",
2026/01/21,1500 UTC,0,"927,5","927,6","927,4","775,3","18,2","13,5",19,"18,1","14,2","13,4",76.0,72.0,74.0,184.0,"7,1","2,3",
2026/01/21,1600 UTC,0,"926,9","927,5","926,9","758,8","19,1","13,5","19,1","17,9","13,6",13,75.0,69.0,70.0,191.0,"7,8",3,
2026/01/21,1700 UTC,0,"926,6","926,9","926,6","803,2",19,"12,6",20,"18,9","14,3","12,5",72.0,66.0,67.0,173.0,8,"2,1",
2026/01/21,1800 UTC,0,"926,5","926,6","926,4","518,1",18,13,"19,3","17,9","13,1","12,1",73.0,63.0,73.0,198.0,"7,9","3,1",
2026/01/21,1900 UTC,0,"926,2","926,5","926,2","616,2","18,7","11,9","18,8","17,8",13,"11,7",73.0,64.0,65.0,212.0,"8,9","2,7",
2026/01/21,2000 UTC,0,"926,2","926,3",926,"268,5","17,5","12,7","19,2","17,4","12,9","11,7",74.0,64.0,74.0,183.0,"8,5","2,9",
2026/01/21,2100 UTC,0,"926,2","926,3","926,1","234,2","17,7","12,1","17,8","17,3","12,5","11,8",73.0,69.0,70.0,191.0,"8,5","2,2",
2026/01/21,2200 UTC,0,"926,7","926,7","926,2","36,9","17,5","12,7","17,7","17,5","12,8","12,1",74.0,70.0,73.0,168.0,"8,3","2,1",
2026/01/21,2300 UTC,0,"927,2","927,2","926,7",,"17,2","12,4","17,5","17,2","12,6","12,3",74.0,72.0,73.0,164.0,"8,8","2,1",
2026/01/22,0000 UTC,0,"927,6","927,6","927,1",,"17,2","12,6","17,3","17,2","12,6","12,4",75.0,73.0,75.0,155.0,"7,4","2,9",
2026/01/22,0100 UTC,0,"927,7","927,7","927,6",,"17,2","12,3","17,3","17,1","12,8","12,3",75.0,73.0,73.0,159.0,"7,4","2,5",
2026/01/22,0200 UTC,0,"927,5","927,7","927,5",,"17,1","12,6","17,2","17,1","12,6","12,2",75.0,73.0,75.0,153.0,"7,3","2,8",
2026/01/22,0300 UTC,0,"927,2","927,5","927,2",,17,"13,1","17,1","16,9","13,1","12,6",78.0,75.0,78.0,150.0,7,"2,6",
2026/01/22,0400 UTC,0,"926,5","927,2","926,5",,"16,9","12,9","17,1","16,8","13,4","12,9",79.0,78.0,78.0,147.0,"7,6","2,7",
2026/01/22,0500 UTC,0,"925,7","926,5","925,7",,"16,3","12,7","16,9","16,2","13,1","12,7",80.0,78.0,80.0,150.0,"5,6","1,7",
2026/01/22,0600 UTC,0,"925,6","925,7","925,5",,16,"12,7","16,3","15,9","12,8","12,5",81.0,79.0,81.0,156.0,"4,8","1,1",
2026/01/22,0700 UTC,0,"925,9","925,9","925,6",,"16,4","12,6","16,4","15,9",13,"12,6",82.0,78.0,79.0,155.0,"4,3","1,5",
2026/01/22,0800 UTC,0,926,926,"925,6",,"16,3","12,5","16,4","16,1","12,7","12,5",80.0,78.0,78.0,153.0,"4,2","1,3",
2026/01/22,0900 UTC,0,"926,2","926,2",926,"6,4","16,2","12,7","16,4","16,1","12,7","12,4",80.0,78.0,80.0,164.0,"3,2",",9",
2026/01/22,1000 UTC,0,927,927,"926,2","278,1","17,3","12,8","17,4","16,2","13,1","12,6",80.0,74.0,75.0,150.0,5,"2,4",
2026/01/22,1100 UTC,0,"927,1","927,1",927,"631,6","18,9","13,7","18,9","17,2","13,7","12,7",75.0,72.0,72.0,153.0,"5,4","1,6",
2026/01/22,1200 UTC,0,"927,4","927,4","927,1","1042,3","19,4",14,"19,6","18,7","14,7","13,4",74.0,71.0,71.0,151.0,"5,9","2,2",
2026/01/22,1300 UTC,0,"927,4","927,5","927,4","1012,4",20,"14,6","20,3","19,2","14,8","13,8",73.0,68.0,71.0,193.0,5,"1,7",
2026/01/22,1400 UTC,0,"927,1","927,4","927,1","1232,2","21,6","15,3","21,6",20,"15,8","14,6",72.0,67.0,68.0,191.0,"5,3","1,8",
2026/01/22,1500 UTC,0,927,"927,1","926,9","750,5",19,"15,4","22,1",19,"15,7","14,6",80.0,65.0,80.0,207.0,"6,2",3,
2026/01/22,1600 UTC,",4","926,5",927,"926,4","680,2","19,2","16,5","19,4","18,9",17,"15,4",86.0,80.0,85.0,187.0,"5,9","1,8",
2026/01/22,1700 UTC,",4","926,1","926,5","926,1","895,9","19,4",16,"19,4","18,5","16,9",16,87.0,80.0,81.0,199.0,"7,5","2,2",
2026/01/22,1800 UTC,",2",926,"926,1",926,"587,2","18,4","15,7","19,6","18,2","16,3","15,4",87.0,77.0,84.0,205.0,9,"3,5",
2026/01/22,1900 UTC,0,"926,1","926,2","925,9","438,5",18,"14,6","18,5","17,4","15,8","14,6",87.0,81.0,81.0,204.0,9,"2,9",
2026/01/22,2000 UTC,0,"926,4","926,4","926,1","240,5",18,"13,3","18,2","17,9","14,4","13,3",81.0,74.0,74.0,203.0,"10,2","3,4",
2026/01/22,2100 UTC,0,"926,5","926,6","926,2","154,4","17,1","13,9","18,1",17,14,"13,2",82.0,74.0,82.0,205.0,"9,5","2,4",
2026/01/22,2200 UTC,0,"926,8","926,8","926,5","28,9","17,3","13,5","17,5","17,1",14,13,82.0,76.0,78.0,200.0,"7,7","1,8",
2026/01/22,2300 UTC,0,"927,4","927,5","926,8",,"17,3",13,"17,4","17,3",14,13,80.0,76.0,76.0,177.0,"5,8","1,7",
2026/01/23,0000 UTC,0,"927,6","927,6","927,3",,"17,2","11,6","17,3","17,2","12,9","11,4",76.0,69.0,70.0,186.0,"7,6","1,6",
2026/01/23,0100 UTC,0,"927,7","927,7","927,6",,17,"12,7","17,2","16,9","12,7","11,4",76.0,69.0,76.0,190.0,"4,7",",9",
2026/01/23,0200 UTC,0,"927,3","927,8","927,3",,"16,9","12,8","17,1","16,9","13,1","12,7",78.0,76.0,77.0,189.0,"4,4","1,1",
2026/01/23,0300 UTC,0,"926,5","927,3","926,5",,"16,3","12,7","16,9","16,3","13,1","12,7",79.0,77.0,79.0,224.0,"4,5","1,7",
2026/01/23,0400 UTC,0,"926,3","926,6","926,1",,"16,2","12,7","16,3","15,8","12,8","12,3",81.0,79.0,79.0,130.0,"4,1",0,
2026/01/23,0500 UTC,0,"925,8","926,3","925,7",,"16,6","13,2","16,7","16,2","13,2","12,7",80.0,79.0,80.0,185.0,"2,8",1,
2026/01/23,0600 UTC,0,"925,2","925,8","925,2",,"16,6","14,3","16,7","16,6","14,3","13,2",86.0,80.0,86.0,170.0,"3,6",",8",
2026/01/23,0700 UTC,0,"925,2","925,4","925,2",,"16,8","14,7","16,8","16,6","14,7","14,3",87.0,86.0,87.0,171.0,"4,1","1,3",
2026/01/23,0800 UTC,0,"925,5","925,5","925,2",,17,"14,9",17,"16,8","14,9","14,7",87.0,87.0,87.0,154.0,"3,9",",6",
2026/01/23,0900 UTC,0,"926,2","926,2","925,5","3,8","17,3","15,1","17,4",17,"15,2","14,9",88.0,87.0,87.0,140.0,"3,2","1,2",
2026/01/23,1000 UTC,0,"926,6","926,6","926,2","92,6","17,8","15,7","17,8","17,2","15,7","15,1",88.0,87.0,87.0,164.0,"2,8",",8",
2026/01/23,1100 UTC,0,"926,7","926,7","926,5","617,2","19,2","15,6","19,3","17,8","16,1","15,4",87.0,79.0,79.0,206.0,"4,2","1,4",
2026/01/23,1200 UTC,0,"927,2","927,2","926,7","775,6","20,6","15,7","20,8","19,2","16,2","15,5",80.0,73.0,74.0,191.0,"3,3","1,2",
2026/01/23,1300 UTC,0,"927,1","927,3","927,1","1240,3","21,5","15,4","22,4","20,6","16,7","15,2",75.0,66.0,69.0,210.0,5,"1,9",
2026/01/23,1400 UTC,0,"926,8","927,1","926,8",1720,"23,7","16,2","24,1",21,"17,1","15,4",72.0,62.0,63.0,197.0,"5,2","1,6",
2026/01/23,1500 UTC,0,"926,5","926,9","926,5","1610,9",23,"16,3","24,1","22,5","16,9","15,9",68.0,62.0,66.0,213.0,"6,2","2,5",
2026/01/23,1600 UTC,0,"925,8","926,5","925,8","1843,2",25,"15,1","26,2",23,17,"14,7",66.0,53.0,54.0,164.0,"6,2","2,4",
2026/01/23,1700 UTC,0,"925,6","925,8","925,5","1410,8","22,6","15,6","26,5","22,6","16,4","14,5",64.0,49.0,64.0,199.0,"10,2","3,5",
2026/01/23,1800 UTC,0,"925,7","925,7","925,6","1844,4","23,3","14,9","24,3","22,5","16,6","14,6",66.0,57.0,59.0,205.0,"9,3","4,4",
2026/01/23,1900 UTC,0,"925,4","925,7","925,3","1737,3","23,1","15,5","25,2","23,1","15,9","14,4",62.0,54.0,62.0,199.0,8,"3,9",
2026/01/23,2000 UTC,0,"925,5","925,5","925,2","1101,7","22,6","16,2",24,"22,2","16,2","15,1",67.0,59.0,67.0,202.0,"9,5","3,3",
2026/01/23,2100 UTC,0,"925,9","925,9","925,4","410,6","20,1","16,3","22,6","20,1","16,3","15,5",79.0,66.0,79.0,202.0,"10,1","3,5",
2026/01/23,2200 UTC,0,"926,2","926,2","925,9","52,7","19,8","15,5","20,3","19,7","16,5","15,5",81.0,76.0,76.0,182.0,"8,1","2,5",
2026/01/23,2300 UTC,0,"926,6","926,6","926,2",,"19,2","15,9","19,8","19,2",16,"15,4",81.0,76.0,81.0,214.0,"8,5","2,9",
2026/01/24,0000 UTC,0,"926,9","926,9","926,5",,"19,4","15,5","19,6","19,2","15,9","15,3",81.0,78.0,78.0,181.0,"6,6","2,2",
2026/01/24,0100 UTC,0,"927,3","927,3","926,9",,"19,5","15,5","19,5","19,4","15,7","15,4",78.0,77.0,78.0,178.0,"7,9","1,7",
2026/01/24,0200 UTC,0,"926,9","927,3","926,9",,"19,4","15,9","19,5","19,2","15,9","15,5",80.0,78.0,80.0,186.0,"6,2",1,
2026/01/24,0300 UTC,0,"926,7","926,9","926,6",,"19,2","15,9","19,4","19,2","15,9","15,7",81.0,79.0,81.0,154.0,5,"2,1",
2026/01/24,0400 UTC,0,"926,3","926,7","926,2",,"19,2","15,8","19,3","19,1",16,"15,8",81.0,81.0,81.0,144.0,"5,5","1,9",
2026/01/24,0500 UTC,0,"925,8","926,3","925,8",,"19,1",15,"19,2","19,1","15,8",15,81.0,77.0,77.0,151.0,"6,5","3,2",
2026/01/24,0600 UTC,0,"925,5","925,9","925,5",,"18,5","15,4","19,2","18,3","15,4","14,8",82.0,76.0,82.0,156.0,"6,5","1,1",
2026/01/24,0700 UTC,0,"925,4","925,5","925,4",,"18,7","15,3","18,7","18,5","15,5","15,3",82.0,81.0,81.0,146.0,"4,1","1,9",
2026/01/24,0800 UTC,0,"925,6","925,7","925,4",,"18,6","15,7","18,7","18,5","15,7","15,3",83.0,81.0,83.0,175.0,"3,8",",8",
2026/01/24,0900 UTC,0,"926,2","926,2","925,6","10,3","18,6","15,6","18,6","18,4","15,6","15,4",83.0,82.0,83.0,158.0,"4,6","1,3",
2026/01/24,1000 UTC,0,"926,9","926,9","926,2","178,8","19,4","15,4","19,4","18,6","15,6","15,3",83.0,78.0,78.0,179.0,"4,4",",9",
2026/01/24,1100 UTC,0,"927,6","927,6","926,9","445,6","19,7","15,1","19,8","19,2","15,3","14,8",78.0,74.0,75.0,158.0,5,"1,7",
2026/01/24,1200 UTC,0,"927,9","927,9","927,6","959,2","20,7","15,5","21,5","19,7","16,1","14,9",75.0,69.0,72.0,136.0,"4,4","1,4",
2026/01/24,1300 UTC,0,"927,8",928,"927,8","1089,3","21,6","15,6","21,9","20,7","16,2","15,1",73.0,68.0,68.0,180.0,"4,3","1,6",
2026/01/24,1400 UTC,0,"927,6","927,9","927,6","1873,5","23,3","15,3","24,3","21,6","16,6","14,9",69.0,59.0,61.0,160.0,5,"1,8",
2026/01/24,1500 UTC,0,"927,2","927,6","927,2","1441,9",24,"15,9","24,5","23,3","16,3","15,2",63.0,57.0,61.0,193.0,"5,1","1,7",
2026/01/24,1600 UTC,0,927,"927,2",927,"906,2","22,8",17,24,"22,4",17,"15,1",70.0,60.0,70.0,145.0,"4,4","1,7",
2026/01/24,1700 UTC,0,"926,5",927,"926,5",1292,"22,9","16,7","23,7","22,8","17,8","16,5",71.0,65.0,68.0,166.0,"6,5","1,6",
2026/01/24,1800 UTC,0,"926,1","926,5","926,1","429,5","22,5",17,"22,9","22,3",17,"16,4",71.0,67.0,71.0,212.0,"6,9","2,1",
2026/01/24,1900 UTC,0,926,"926,2","925,9","432,2","22,5","16,8","22,6","22,1","17,2","16,5",72.0,70.0,70.0,189.0,7,"1,8",
2026/01/24,2000 UTC,0,926,926,"925,8","690,5","22,3","16,4","23,2","22,3","16,9","16,4",71.0,66.0,69.0,201.0,"7,2","3,5",
2026/01/24,2100 UTC,0,"926,6","926,6",926,"245,6","21,7","16,8","22,3","21,4","16,9","16,1",75.0,69.0,74.0,185.0,"9,1","1,8",
2026/01/24,2200 UTC,0,"926,9","926,9","926,5","92,5","20,7","16,9","21,7","20,7","16,9","16,6",79.0,74.0,79.0,180.0,"5,8","1,7",
2026/01/24,2300 UTC,0,"927,8","927,9","926,9",,"20,1","17,4","20,8","20,1","17,4","16,9",85.0,79.0,85.0,183.0,"5,9","1,9",
2026/01/25,0000 UTC,",2",928,928,"927,6",,"19,5","17,7","20,1","19,4","17,8","17,4",90.0,85.0,89.0,201.0,"5,8","2,1",
2026/01/25,0100 UTC,",2","928,5","928,5",928,,"19,6","17,8","19,6","19,5",18,"17,7",90.0,89.0,90.0,151.0,"7,1","1,4",
2026/01/25,0200 UTC,",4","928,7",929,"928,4",,19,"17,5","19,6",19,"17,8","17,4",91.0,89.0,91.0,138.0,"5,9","1,7",
2026/01/25,0300 UTC,",4","928,2","928,7","928,2",,"18,9","17,6","19,1","18,9","17,6","17,5",92.0,91.0,92.0,159.0,"4,4","1,3",
2026/01/25,0400 UTC,0,"927,6","928,2","927,6",,"18,8","17,4","18,9","18,7","17,6","17,3",92.0,92.0,92.0,169.0,"3,6",",8",
2026/01/25,0500 UTC,0,"927,2","927,6","927,2",,"18,5","16,9","18,8","18,5","17,4","16,9",92.0,90.0,91.0,168.0,"3,6",1,
2026/01/25,0600 UTC,0,"927,1","927,3",927,,"18,6",17,"18,6","18,3",17,"16,7",91.0,90.0,91.0,183.0,"2,6",",7",
2026/01/25,0700 UTC,0,"927,2","927,2",927,,"18,8","17,1","18,8","18,5","17,1","16,9",91.0,90.0,90.0,177.0,"3,3",",7",
2026/01/25,0800 UTC,0,"927,2","927,3",927,,"18,8",17,"18,9","18,7","17,1","16,9",90.0,89.0,89.0,144.0,"2,9",",9",
2026/01/25,0900 UTC,0,"927,6","927,6","927,2","4,4","18,9",17,"18,9","18,8",17,"16,9",89.0,89.0,89.0,135.0,"2,7",1,
2026/01/25,1000 UTC,0,"928,4","928,4","927,6","135,8","19,5","17,3","19,5","18,9","17,4",17,89.0,87.0,87.0,157.0,"2,9",",9",
2026/01/25,1100 UTC,0,"929,1","929,1","928,4","424,8","20,3","17,3","20,3","19,5","17,3","16,9",87.0,82.0,83.0,168.0,"3,4",",7",
2026/01/25,1200 UTC,0,"929,3","929,3","929,1","1308,6",22,17,"22,5","20,2","17,6","16,4",83.0,71.0,73.0,121.0,"3,6","1,8",
2026/01/25,1300 UTC,0,"929,2","929,4","929,2","2224,4",24,"16,4","24,5","21,9","17,7",16,74.0,61.0,62.0,137.0,"4,3","1,5",
2026/01/25,1400 UTC,0,"929,1","929,3",929,"2810,1","24,5","15,8","26,1","23,7","17,6","15,3",65.0,55.0,59.0,116.0,"4,4","1,6",
2026/01/25,1500 UTC,0,"928,6","929,1","928,6","2177,6","26,1","16,9","26,6","24,4","17,6",16,62.0,54.0,57.0,180.0,"5,7","1,3",
2026/01/25,1600 UTC,0,"927,9","928,6","927,9","2711,3","27,4","16,7","27,6","25,3","17,8","15,9",59.0,51.0,52.0,160.0,"5,1","1,5",
2026/01/25,1700 UTC,0,"926,8","927,9","926,8","2651,9","28,3",16,"28,9","26,4","17,9","15,5",57.0,45.0,47.0,219.0,5,1,
2026/01/25,1800 UTC,0,"926,5","926,8","926,5",924,"25,2","17,7","28,3","25,2",18,"15,6",64.0,46.0,63.0,206.0,"6,8","2,9",
2026/01/25,1900 UTC,"40,2",927,"928,2","926,3","503,9","17,3","16,1","25,2","16,4",19,"14,5",92.0,63.0,92.0,113.0,19,"6,2",
2026/01/25,2000 UTC,"8,8","927,1","927,3","925,9","917,3","19,9","18,8","19,9","16,9","18,8","15,8",94.0,92.0,94.0,85.0,"17,8","1,3",
2026/01/25,2100 UTC,0,"927,7","927,7",927,"587,1","21,1","19,7","21,6","19,8","20,4","18,8",94.0,92.0,92.0,201.0,"4,6","1,6",
2026/01/25,2200 UTC,0,928,928,"927,6","90,4","20,4","18,4","21,1","20,4","19,7","18,4",92.0,88.0,88.0,179.0,"6,3","1,4",
2026/01/25,2300 UTC,0,929,929,928,",2",20,"16,7","20,8",20,"18,6","16,7",89.0,82.0,82.0,126.0,"5,9","2,3",
2026/01/26,0000 UTC,0,"929,3","929,6",929,,"19,5",16,20,"19,4","16,7","15,8",82.0,79.0,80.0,135.0,"6,5","2,3",
2026/01/26,0100 UTC,0,"929,1","929,3","928,9",,"19,3",17,"19,5","19,1",17,"16,1",87.0,81.0,86.0,123.0,"4,4","1,2",
2026/01/26,0200 UTC,0,"928,8","929,1","928,8",,"19,2",17,"19,3","19,2","17,1","16,9",87.0,86.0,87.0,140.0,"4,6","1,9",
2026/01/26,0300 UTC,0,"928,2","928,8","928,2",,"18,7","16,3","19,2","18,7",17,"16,3",87.0,85.0,86.0,127.0,"5,6","2,1",
2026/01/26,0400 UTC,0,"927,8","928,3","927,8",,"18,2","15,7","18,7","18,2","16,3","15,7",86.0,85.0,85.0,128.0,"5,9","2,2",
2026/01/26,0500 UTC,0,"927,6","927,8","927,6",,"17,8","15,5","18,2","17,8","15,6","15,5",87.0,85.0,87.0,112.0,"6,5","1,1",
2026/01/26,0600 UTC,0,"927,5","927,7","927,5",,"17,4","15,4","17,8","17,3","15,7","15,3",88.0,86.0,88.0,135.0,"2,8",",9",
2026/01/26,0700 UTC,0,"927,5","927,5","927,3",,"17,3","15,7","17,4","17,1","15,7","15,3",90.0,88.0,90.0,122.0,"2,6",",8",
2026/01/26,0800 UTC,0,"927,7","927,7","927,4",,"17,2","15,7","17,4","17,1","15,8","15,5",91.0,90.0,91.0,130.0,"2,3","1,1",
2026/01/26,0900 UTC,0,"928,3","928,3","927,7","11,9","17,3","15,8","17,4","17,2","15,9","15,6",91.0,91.0,91.0,117.0,"2,6",1,
2026/01/26,1000 UTC,0,929,929,"928,3",207,"17,8","16,1","17,8","17,4","16,2","15,8",91.0,90.0,90.0,123.0,"3,4","1,5",
2026/01/26,1100 UTC,0,"929,3","929,3",929,"1109,7","20,5","16,2","20,9","17,8",17,16,90.0,76.0,76.0,92.0,"3,6","1,3",
2026/01/26,1200 UTC,0,"929,7","929,7","929,3","2132,8","22,6",16,"22,8","20,5","16,6","15,6",76.0,66.0,66.0,121.0,"4,1","1,2",
2026/01/26,1300 UTC,0,"929,8","929,8","929,7","2885,6","25,3","16,2","25,3","22,6","16,8","15,1",67.0,56.0,57.0,134.0,"4,7","1,9",
2026/01/26,1400 UTC,0,"929,4","929,8","929,4","3472,1","26,7","16,2","26,8","25,1","17,2",15,58.0,51.0,53.0,161.0,"4,1","1,4",
2026/01/26,1500 UTC,0,"929,1","929,4","929,1","2301,9","26,7",16,"27,8","25,8","17,7","15,4",56.0,49.0,52.0,311.0,"3,7","1,4",
2026/01/26,1600 UTC,0,"928,7","929,1","928,7",3040,"28,6","14,9","29,7","26,5","17,2","14,6",54.0,42.0,43.0,221.0,"4,1",",9",
2026/01/26,1700 UTC,0,"928,1","928,7","928,1","1855,8","28,3","16,9","29,1","26,4","17,8","14,6",56.0,43.0,50.0,186.0,6,2,
2026/01/26,1800 UTC,0,"927,3","928,1","927,2","3136,2","28,3","16,1",30,28,"17,5","14,7",51.0,42.0,47.0,220.0,"6,2","2,2",
2026/01/26,1900 UTC,0,"927,1","927,3",927,"1328,7","26,2","17,8","28,7","26,2","18,1","16,1",60.0,48.0,60.0,212.0,"8,8","3,9",
2026/01/26,2000 UTC,0,"927,5","927,5",927,"1021,2",25,"17,8",27,25,"18,6","17,5",65.0,57.0,64.0,184.0,"7,9","2,3",
2026/01/26,2100 UTC,0,"927,9","927,9","927,5","283,3","23,9","17,8",25,"23,9","18,2","17,7",69.0,64.0,69.0,202.0,"6,4","2,6",
2026/01/26,2200 UTC,0,"928,2","928,2","927,7","112,9","22,8","17,4","23,9","22,8","17,8","17,4",72.0,68.0,72.0,167.0,"6,8","2,4",
2026/01/26,2300 UTC,0,"928,6","928,6","928,1",,"22,3","17,3","22,8","22,3","17,6","17,2",74.0,72.0,73.0,200.0,"5,8","2,4",
2026/01/27,0000 UTC,0,"929,5","929,6","928,6",,"22,2","17,3","22,3","22,1","17,6","17,2",75.0,73.0,74.0,160.0,"5,2","1,8",
2026/01/27,0100 UTC,0,"929,6","929,9","929,5",,"21,6","16,5","22,2","21,6","17,3","16,5",75.0,73.0,73.0,132.0,"5,8","1,8",
2026/01/27,0200 UTC,0,"929,1","929,6","929,1",,"20,9","16,3","21,6","20,9","16,5","15,9",75.0,71.0,75.0,146.0,"4,2","1,3",
2026/01/27,0300 UTC,0,"928,3","929,1","928,3",,"20,3","16,9",21,"20,3",17,"16,3",81.0,75.0,81.0,93.0,"3,5",",5",
2026/01/27,0400 UTC,0,"927,9","928,4","927,8",,"19,9","16,7","20,6","19,9","17,2","16,7",82.0,80.0,82.0,89.0,"2,7",",4",
2026/01/27,0500 UTC,0,"927,3","927,9","927,3",,"19,6","17,1","20,1","19,5","17,1","16,7",85.0,82.0,85.0,180.0,"1,9",0,
2026/01/27,0600 UTC,0,"926,7","927,2","926,7",,"19,5","17,2","19,7","19,4","17,3",17,87.0,85.0,87.0,148.0,"1,6",",6",
2026/01/27,0700 UTC,0,"927,2","927,2","926,7",,"19,4","17,3","19,6","19,3","17,4","17,1",87.0,87.0,87.0,120.0,"2,9",1,
2026/01/27,0800 UTC,0,"927,7","927,7","927,2",,"19,5","16,9","19,5","19,3","17,3","16,9",88.0,85.0,85.0,127.0,"4,8",2,
2026/01/27,0900 UTC,0,"928,2","928,2","927,6","3,5","19,4","16,3","19,6","19,3","16,9","16,2",85.0,82.0,83.0,122.0,"4,6","2,4",
2026/01/27,1000 UTC,0,"929,1","929,1","928,2","195,9","19,7","16,6","19,7","19,4","16,6","16,3",83.0,82.0,82.0,145.0,"4,5","1,6",
2026/01/27,1100 UTC,0,"929,4","929,5","929,1","425,8","20,2","16,7","20,3","19,7","17,1","16,5",83.0,80.0,80.0,102.0,"3,6","1,3",
2026/01/27,1200 UTC,0,"929,8","929,8","929,4","1293,6","22,1","16,9","22,1","20,2","17,1","16,5",81.0,72.0,72.0,118.0,"4,8",2,
2026/01/27,1300 UTC,0,"929,5","929,8","929,5","2867,2","24,3",16,"24,5","22,1","17,3","15,7",73.0,59.0,60.0,95.0,"4,5","1,2",
2026/01/27,1400 UTC,0,"928,9","929,5","928,9","3470,3","26,5","15,8","27,3","24,3","17,4","15,6",61.0,51.0,52.0,302.0,"3,7","1,2",
2026/01/27,1500 UTC,0,"928,3","928,9","928,3","3273,1","28,4","16,7",29,"26,3",18,"15,7",56.0,47.0,49.0,284.0,"5,3","1,6",
2026/01/27,1600 UTC,0,"927,7","928,3","927,7","3337,1","29,4","14,8",30,"27,6","17,1","13,8",50.0,39.0,41.0,299.0,"5,6",2,
2026/01/27,1700 UTC,0,"926,6","927,7","926,6","2772,4","30,1","13,7","30,7","28,8","16,5","13,1",45.0,35.0,37.0,33.0,"4,6","1,2",
2026/01/27,1800 UTC,0,"925,8","926,6","925,7","1693,2","28,3","17,2","31,7","28,3","17,2","13,2",51.0,35.0,51.0,210.0,"4,5",2,
2026/01/27,1900 UTC,"21,4","926,4","927,2","925,8","67,7","18,5","17,1","28,3","18,3","18,8","15,9",91.0,51.0,91.0,209.0,"17,2","4,9",
2026/01/27,2000 UTC,",2","926,5","926,6","925,2","110,5","20,5","18,5","20,8","18,5","18,9","17,2",91.0,87.0,88.0,114.0,"9,2","1,5",
2026/01/27,2100 UTC,0,"926,5","926,7","926,3","838,5","22,5",19,"22,7","20,6","19,5","18,4",89.0,78.0,81.0,142.0,"5,5","1,3",
2026/01/27,2200 UTC,0,"926,8","926,8","926,3",162,"22,6","18,8","22,6","22,3","19,1","18,6",81.0,79.0,79.0,147.0,"5,5",2,
2026/01/27,2300 UTC,0,"927,7","927,7","926,8",,"22,1","18,5","22,6","22,1","18,7","18,1",80.0,77.0,80.0,132.0,"5,5","1,9",
2026/01/28,0000 UTC,0,"927,6","927,8","927,5",,"21,6","18,2","22,1","21,6","18,5","18,1",81.0,80.0,81.0,127.0,"5,2","1,6",
2026/01/28,0100 UTC,0,"927,6","927,8","927,6",,"21,2","18,4","21,5","21,1","18,4","18,1",84.0,81.0,84.0,119.0,"4,2","1,3",
2026/01/28,0200 UTC,0,"927,8",928,"927,6",,"20,8","18,4","21,3","20,8","18,6","18,3",86.0,84.0,86.0,84.0,"3,1","1,1",
2026/01/28,0300 UTC,0,"927,2","927,8","927,2",,"20,6",18,"20,8","20,3","18,5","17,9",87.0,85.0,85.0,125.0,"3,3","1,2",
2026/01/28,0400 UTC,",2","926,9","927,2","926,8",,"19,7","17,3","20,6","19,7",18,"17,3",87.0,85.0,86.0,76.0,"2,8",",2",
2026/01/28,0500 UTC,0,"926,8","926,9","926,6",,"19,2","17,3","19,9","19,2","17,7","17,3",89.0,86.0,89.0,236.0,"1,2",",3",
2026/01/28,0600 UTC,0,"926,6","926,8","926,5",,"19,4","17,6","19,5","19,1","17,8","17,2",90.0,89.0,89.0,86.0,"1,5",",4",
2026/01/28,0700 UTC,0,"926,6","926,8","926,6",,"19,2","17,5","19,4","19,1","17,7","17,4",90.0,89.0,90.0,72.0,"1,1",",3",
2026/01/28,0800 UTC,0,"926,9","926,9","926,6",,"19,4","17,8","19,5","19,1","17,9","17,5",91.0,90.0,90.0,85.0,"1,1",",4",
2026/01/28,0900 UTC,0,"927,7","927,7","926,9","8,3","19,2","17,4","19,5",19,"17,8","17,4",91.0,89.0,89.0,106.0,"1,5",",2",
2026/01/28,1000 UTC,0,928,928,"927,7","305,1","20,8","17,4","21,2","19,2","18,4","17,4",90.0,81.0,81.0,124.0,2,",7",
2026/01/28,1100 UTC,0,"928,2","928,2","927,9","1018,8","22,8","17,2","23,5","20,3","18,3",17,83.0,70.0,71.0,102.0,"3,1",",8",
2026/01/28,1200 UTC,0,"928,4","928,5","928,2","1989,7","24,9","17,4","25,2","22,8","18,3","16,7",72.0,62.0,63.0,83.0,"2,6",",7",
2026/01/28,1300 UTC,0,"928,6","928,7","928,3","2793,3","26,5","16,6","26,6","24,8","17,6","16,2",63.0,54.0,54.0,1.0,"6,9",3,
2026/01/28,1400 UTC,0,"928,2","928,6","928,2","2640,3","26,7","16,6","27,3","26,2","17,5","16,1",56.0,52.0,54.0,348.0,"6,8","3,3",
2026/01/28,1500 UTC,0,"927,5","928,2","927,5","2549,1","28,7","16,6","28,9","26,4","17,3","16,2",55.0,46.0,48.0,333.0,"6,8","2,4",
2026/01/28,1600 UTC,0,"926,7","927,5","926,7","1983,2","27,8","16,1","28,9","27,8","16,7","15,3",50.0,45.0,49.0,322.0,"6,1",2,
2026/01/28,1700 UTC,0,"925,7","926,7","925,7","2077,9","29,1","17,1","29,8","27,7","17,1","15,2",49.0,41.0,48.0,57.0,"6,5","1,6",
2026/01/28,1800 UTC,0,"925,3","925,7","925,1","1360,5",28,"16,3","31,4",28,"17,2","14,3",49.0,40.0,49.0,322.0,"8,3","2,9",
2026/01/28,1900 UTC,0,"925,9","925,9","924,5","538,1","25,4","17,6",28,"24,9","17,6","16,4",62.0,49.0,62.0,170.0,"11,6","2,4",
2026/01/28,2000 UTC,0,"925,7","925,9","925,3","974,5","24,6","16,8","26,2","24,5","18,6","16,6",66.0,60.0,62.0,160.0,"6,6","2,5",
2026/01/28,2100 UTC,0,926,926,"925,7","210,7","22,9","16,2","24,6","22,8","16,9","15,9",67.0,61.0,66.0,124.0,"6,4","2,5",
2026/01/28,2200 UTC,0,"926,3","926,3","925,9","172,9","22,7","15,5","23,1","22,7","16,2","15,3",66.0,62.0,64.0,128.0,"5,8","1,9",
2026/01/28,2300 UTC,0,"927,1","927,2","926,2",,"22,3","17,1","22,7","22,2","17,1","15,2",72.0,63.0,72.0,83.0,"4,1",",9",
2026/01/29,0000 UTC,0,"928,2","928,2","927,1",,"22,1","17,1","22,5","22,1","17,3","17,1",73.0,72.0,73.0,71.0,"3,8",",5",
2026/01/29,0100 UTC,0,"928,6","928,7","928,1",,21,"16,6","22,3",21,"17,3","16,6",76.0,72.0,76.0,326.0,"5,6",",8",
2026/01/29,0200 UTC,0,928,"928,7",928,,"20,9","16,1","21,1","20,9","16,5",16,76.0,73.0,74.0,31.0,"3,6",",8",
2026/01/29,0300 UTC,0,"927,2",928,"927,2",,20,"15,9","20,9",20,"16,1","15,9",77.0,74.0,77.0,279.0,"2,4",0,
2026/01/29,0400 UTC,0,"926,5","927,2","926,5",,"20,3","15,8","20,7",20,16,"15,7",78.0,73.0,75.0,21.0,"3,4","1,1",
2026/01/29,0500 UTC,0,"926,2","926,5","926,1",,"19,9","15,7","20,3","19,7","15,8","15,6",78.0,75.0,77.0,353.0,"4,2",2,
2026/01/29,0600 UTC,0,"925,8","926,2","925,8",,"20,1","15,5","20,2","19,8","15,7","15,4",77.0,75.0,75.0,4.0,"4,8",2,
2026/01/29,0700 UTC,0,"925,9","925,9","925,6",,20,"15,2","20,5",20,"15,6","15,1",75.0,72.0,74.0,291.0,"4,2",",8",
2026/01/29,0800 UTC,0,"926,4","926,5","925,9",,20,"15,4","20,3","19,2","15,8","15,3",79.0,74.0,75.0,353.0,6,"2,7",
2026/01/29,0900 UTC,0,"926,6","926,6","926,4","11,9",20,"15,1","20,4","19,8","15,4",15,76.0,72.0,74.0,347.0,"7,5","1,7",
2026/01/29,1000 UTC,0,927,927,"926,6","570,9","21,7","15,6","21,7",20,"15,7","15,1",73.0,68.0,68.0,345.0,"4,7","2,5",
2026/01/29,1100 UTC,0,"927,2","927,2",927,"720,3","23,2","16,1","23,2","21,4","16,4","15,3",69.0,64.0,64.0,38.0,"5,6",1,
2026/01/29,1200 UTC,0,"927,5","927,5","927,2","1516,4",24,"16,1","24,4","22,8","16,6","15,3",66.0,59.0,61.0,4.0,"3,9","1,5",
2026/01/29,1300 UTC,0,"927,4","927,5","927,4","2221,2","25,8","16,8","25,8","23,7","17,3","15,5",63.0,57.0,58.0,8.0,"5,2","1,5",
2026/01/29,1400 UTC,0,"927,3","927,5","927,3","3141,3",26,"15,9","26,5","25,4","17,2","15,2",58.0,52.0,54.0,348.0,"7,8","3,1",
2026/01/29,1500 UTC,0,"926,8","927,3","926,8","3394,4","27,1","15,5","28,1","25,6","16,5",15,56.0,47.0,49.0,12.0,"8,5","4,8",
2026/01/29,1600 UTC,0,"926,3","926,8","926,3","3010,9","27,4","14,8","28,2","26,6","15,6","14,1",50.0,44.0,46.0,7.0,"8,8","4,3",
2026/01/29,1700 UTC,0,"925,4","926,3","925,4","3043,3","28,7","15,1",29,"27,2","16,2","14,7",49.0,43.0,44.0,359.0,"8,2","3,4",
2026/01/29,1800 UTC,0,"924,1","925,4","924,1","2433,8","27,6","14,9","29,6","27,6",16,"14,3",46.0,41.0,46.0,318.0,"8,2","3,3",
2026/01/29,1900 UTC,0,"923,1","924,1",923,"1761,9","28,5","14,3","30,4","27,5",16,"13,9",47.0,37.0,42.0,348.0,"7,1","3,1",
2026/01/29,2000 UTC,0,"922,5","923,1","922,4","650,8","27,6","15,1","28,5","27,6","15,1","14,1",46.0,42.0,46.0,342.0,"7,1","3,2",
2026/01/29,2100 UTC,0,923,923,"922,3","229,1",25,"18,2","27,6",25,"18,5","15,3",66.0,47.0,66.0,208.0,"8,9",3,
2026/01/29,2200 UTC,",6","924,1","924,1",923,93,"21,5","18,2",25,"21,5","18,4","17,1",81.0,65.0,81.0,159.0,"8,9","1,8",
2026/01/29,2300 UTC,0,"924,1","924,4","924,1",,"21,2","17,8","21,8","21,1","19,1","17,4",85.0,79.0,81.0,137.0,"4,9",",7",
2026/01/30,0000 UTC,0,"924,8","924,8","924,1",,"21,9","17,4","21,9",21,"17,8",17,81.0,76.0,76.0,126.0,"3,7","1,6",
2026/01/30,0100 UTC,0,925,"925,2","924,8",,"21,9",18,"21,9","21,8","18,1",17,79.0,74.0,78.0,108.0,"5,3",2,
2026/01/30,0200 UTC,"14,2",926,"926,3",925,",3","18,2","16,9",22,18,18,"15,7",92.0,74.0,92.0,242.0,"13,2",",8",
2026/01/30,0300 UTC,"5,6","925,5","926,2","925,5",,"18,7","17,6","18,8","18,2","17,7","16,9",94.0,92.0,94.0,108.0,"3,2","1,5",
2026/01/30,0400 UTC,2,"924,5","925,5","924,5",,"18,8","17,7","18,8","18,6","17,7","17,5",94.0,93.0,93.0,72.0,"4,1",1,
2026/01/30,0500 UTC,"1,8","923,4","924,5","923,4",,"18,9","17,7",19,"18,8","17,8","17,6",93.0,93.0,93.0,65.0,"2,9",",4",
2026/01/30,0600 UTC,",6","922,3","923,4","922,3",,19,"17,7",19,"18,7","17,8","17,5",93.0,92.0,92.0,7.0,"2,3",",6",
2026/01/30,0700 UTC,0,"921,5","922,3","921,5",,"18,8","17,3",19,"18,6","17,7","17,1",92.0,90.0,91.0,182.0,2,",4",
2026/01/30,0800 UTC,0,922,922,"921,4",,"18,7","17,3",19,"18,5","17,6","17,1",92.0,91.0,92.0,122.0,3,",1",
2026/01/30,0900 UTC,0,"922,3","922,3","921,9","5,3",19,"16,8",19,"18,4","17,3","16,5",92.0,87.0,87.0,24.0,"2,9",",6",
2026/01/30,1000 UTC,0,"922,7","922,8","922,3","332,8",20,"16,4",20,"18,6","17,2","16,4",88.0,80.0,80.0,59.0,"2,8",",7",
2026/01/30,1100 UTC,0,"923,1","923,1","922,7","773,2","21,5","16,1","21,7","19,8","16,7","15,6",80.0,71.0,71.0,52.0,"3,5","1,5",
2026/01/30,1200 UTC,0,"923,3","923,3","923,1","1423,4","21,7","16,5","22,1","21,2","16,8","15,7",74.0,70.0,72.0,8.0,6,"2,5",
2026/01/30,1300 UTC,0,"923,4","923,4","923,3","1058,3","22,3","16,6","22,3","21,6","17,1","16,1",74.0,70.0,70.0,354.0,"7,1","3,1",
2026/01/30,1400 UTC,",8","923,6","923,7","923,3","754,1","20,7","17,3","22,3","20,7","17,3","16,3",81.0,70.0,81.0,340.0,8,"3,4",
2026/01/30,1500 UTC,",4",923,"923,6",923,"1150,6","22,3","17,9","22,4","20,7","18,4","17,4",82.0,76.0,76.0,338.0,8,"2,8",
2026/01/30,1600 UTC,0,922,923,922,"1746,1",23,"17,2","23,4","22,2","18,1",17,77.0,69.0,70.0,337.0,"7,4","3,2",
2026/01/30,1700 UTC,0,"921,1",922,"921,1","2103,1","24,3",17,"24,4",23,"17,7","16,6",70.0,63.0,64.0,329.0,"7,5","3,6",
2026/01/30,1800 UTC,0,"920,3","921,1","920,3","1972,6","25,9",17,26,"24,2","17,7","16,5",65.0,57.0,58.0,346.0,"7,5",3,
2026/01/30,1900 UTC,0,"919,9","920,3","919,9","2086,1","26,2","16,3","26,7","25,3","17,2",16,60.0,53.0,55.0,301.0,"9,8","3,8",
2026/01/30,2000 UTC,0,"919,7","919,9","919,6","541,9","23,6","15,8","26,2","23,6","16,8","15,3",62.0,54.0,62.0,307.0,"10,9","3,9",
2026/01/30,2100 UTC,",2","920,5","920,6","919,7","639,7","22,3","15,7","23,6","21,5","16,3","13,3",70.0,55.0,66.0,282.0,"8,4","2,2",
2026/01/30,2200 UTC,,,,,,,,,,,,,,,,,,
2026/01/30,2300 UTC,0,"921,5","921,5","920,7",,"20,6","15,5",21,"20,5",16,"15,2",74.0,69.0,73.0,271.0,"3,7",",4",
2026/01/31,0000 UTC,0,"921,6","921,6","921,5",,"20,5","15,3","20,8","20,3","15,6","15,2",73.0,71.0,72.0,302.0,"1,9",",2",
2026/01/31,0100 UTC,0,922,922,"921,6",,"20,8","15,9",21,"20,5","15,9","15,4",73.0,72.0,73.0,16.0,"2,1",1,
2026/01/31,0200 UTC,0,"921,9",922,"921,8",,"20,3","16,2","20,9","20,3","16,3","15,9",78.0,73.0,78.0,355.0,"2,7","1,4",
2026/01/31,0300 UTC,0,"921,1","921,9","921,1",,"20,1","16,4","20,5","19,9","16,6","16,2",80.0,77.0,79.0,61.0,"2,3",",9",
2026/01/31,0400 UTC,0,"920,6","921,1","920,6",,"19,7","15,8","20,1","19,7","16,4","15,8",80.0,78.0,78.0,26.0,"3,5","1,2",
2026/01/31,0500 UTC,0,"920,5","920,6","920,5",,"19,3","16,5","19,7","19,3","16,6","15,8",84.0,78.0,84.0,357.0,5,"2,7",
2026/01/31,0600 UTC,0,"920,2","920,6","920,1",,"19,3","16,4","19,4","19,2","16,6","16,4",84.0,84.0,84.0,359.0,5,"1,5",
2026/01/31,0700 UTC,0,"920,1","920,2","919,9",,"19,2","16,4","19,4","19,2","16,5","16,4",84.0,84.0,84.0,16.0,"3,8","1,5",
2026/01/31,0800 UTC,0,"920,3","920,4",920,,"19,6","16,9","19,6","19,1","16,9","16,4",84.0,84.0,84.0,346.0,"6,1","3,1",
2026/01/31,0900 UTC,0,"920,6","920,6","920,3","2,2","19,8","16,8","19,9","19,6","16,9","16,8",84.0,83.0,83.0,340.0,"7,9","2,7",
2026/01/31,1000 UTC,0,"921,3","921,3","920,6","172,6","20,3","16,9","20,3","19,8","16,9","16,7",83.0,80.0,81.0,334.0,"7,6","2,2",
2026/01/31,1100 UTC,0,"921,8","921,8","921,3","354,6","20,6",17,"20,6","20,2","17,2","16,7",81.0,80.0,80.0,333.0,6,3,
2026/01/31,1200 UTC,0,"922,1","922,2","921,8",612,"21,6",17,22,"20,6","17,6","16,9",80.0,75.0,75.0,360.0,"6,6","1,2",
2026/01/31,1300 UTC,0,"922,1","922,1","921,9","995,9","22,6","17,2","22,7","21,4","17,5","16,8",76.0,71.0,72.0,341.0,"6,7","3,3",
2026/01/31,1400 UTC,0,"922,1","922,2",922,"1859,1","23,1","16,8","23,7","22,6","17,6","16,7",72.0,67.0,68.0,345.0,"9,4","4,4",
2026/01/31,1500 UTC,",4","921,9","922,1","921,9","1841,4","23,9","17,9","24,3","21,7","18,6","16,8",78.0,68.0,69.0,325.0,"9,1","3,1",
2026/01/31,1600 UTC,0,"921,5","921,9","921,5","2113,3","25,2","17,3","25,4","23,5","18,5",17,70.0,61.0,62.0,308.0,"8,7","3,8",
2026/01/31,1700 UTC,0,"920,8","921,5","920,8","2616,4","26,5","16,2","26,9","25,1",18,"16,2",64.0,53.0,53.0,347.0,"10,6","3,5",
2026/01/31,1800 UTC,0,920,"920,8",920,2632,"26,8","16,3","27,8","26,2","17,2","15,2",55.0,49.0,53.0,334.0,"9,9","3,3",
2026/01/31,1900 UTC,0,"919,3",920,"919,3","1908,6","26,8","14,4",28,26,"16,8","14,4",56.0,44.0,47.0,336.0,"8,4","3,8",
2026/01/31,2000 UTC,0,919,"919,3","918,9","1476,7","27,6","14,3","28,2","26,7",15,"13,8",48.0,42.0,44.0,326.0,"8,8","3,2",
2026/01/31,2100 UTC,0,919,919,"918,8","884,7","27,2","14,3","28,3","27,2",15,"13,8",46.0,42.0,45.0,326.0,"7,8","3,8",
2026/01/31,2200 UTC,0,"919,2","919,3",919,"126,1","25,9","15,3","27,3","25,9","15,3","14,3",52.0,45.0,52.0,4.0,"7,7","1,9",
2026/01/31,2300 UTC,0,"919,7","919,7","919,2",,25,16,"25,9",25,16,"15,2",57.0,52.0,57.0,14.0,4,"1,8",
